system:index,institution_type,name,no2,.geo
00000000000000000000_0,Fortune 500 HQ,363. Voya,1.1137873414493033E-4,"{""geodesic"":false,""type"":""Point"",""coordinates"":[-73.9807552236632,40.71614025271731]}"
00000000000000000001_0,Fortune 500 HQ,64. Adobe,4.5630690016335E-5,"{""geodesic"":false,""type"":""Point"",""coordinates"":[-121.89689247859847,37.32050847874552]}"
00000000000000000002_0,Fortune 500 HQ,"53. Walt Disney, Burbank, CA, USA",9.340272189375145E-5,"{""geodesic"":false,""type"":""Point"",""coordinates"":[-118.31261449496158,34.17640498432719]}"
00000000000000000003_0,Fortune 500 HQ,360. Glenworth Financial,2.7033178018008226E-5,"{""geodesic"":false,""type"":""Point"",""coordinates"":[-77.43926906752336,37.572036758298985]}"
00000000000000000004_0,Fortune 500 HQ,"374. Expeditors, 3rd Avenue, Seattle, WA, USA",5.915514217561968E-5,"{""geodesic"":false,""type"":""Point"",""coordinates"":[-122.33706696781704,47.63316794043763]}"
00000000000000000005_0,Fortune 500 HQ,"373. Dana Incorporated, Longbow Drive, Maumee, OH, USA",4.2323931448874595E-5,"{""geodesic"":false,""type"":""Point"",""coordinates"":[-83.66459398647163,41.59648923115444]}"
00000000000000000006_0,Fortune 500 HQ,"372. Jefferies Financial Group, Madison Avenue, New York, NY, USA",1.0035571628393234E-4,"{""geodesic"":false,""type"":""Point"",""coordinates"":[-73.9807552236632,40.77902232260568]}"
00000000000000000007_0,Fortune 500 HQ,"370. Wesco International Inc, West Station Square Drive, Pittsburgh, PA, USA",3.774325011085493E-5,"{""geodesic"":false,""type"":""Point"",""coordinates"":[-80.01743393294637,40.46461197316385]}"
00000000000000000008_0,Fortune 500 HQ,"371. Huntington Ingalls Industries, Washington Avenue, Newport News, VA, USA",2.8134291832782917E-5,"{""geodesic"":false,""type"":""Point"",""coordinates"":[-76.43315594930948,37.00609812930369]}"
00000000000000000009_0,Fortune 500 HQ,369. Amphenol,5.432739385074581E-5,"{""geodesic"":false,""type"":""Point"",""coordinates"":[-72.8488779656726,41.47072509137771]}"
0000000000000000000a_0,Fortune 500 HQ,"379. United Rentals,Stamford, CT, USA",5.045111752950983E-5,"{""geodesic"":false,""type"":""Point"",""coordinates"":[-73.54058073444463,41.030550602159146]}"
0000000000000000000b_0,Fortune 500 HQ,"378. Assurant, New York, NY, USA",1.1137873414493033E-4,"{""geodesic"":false,""type"":""Point"",""coordinates"":[-73.9807552236632,40.71614025271731]}"
0000000000000000000c_0,Fortune 500 HQ,368. Alaska Air Group,5.915514217561968E-5,"{""geodesic"":false,""type"":""Point"",""coordinates"":[-122.33706696781704,47.63316794043763]}"
0000000000000000000d_0,Fortune 500 HQ,"377. SpartanNash Company,  Byron Center, MI, USA",3.76775407045923E-5,"{""geodesic"":false,""type"":""Point"",""coordinates"":[-85.67682022289937,42.85413062892177]}"
0000000000000000000e_0,Fortune 500 HQ,"376. Darden Restaurants, Darden Center Drive, Orlando, FL, USA",3.605115527464724E-5,"{""geodesic"":false,""type"":""Point"",""coordinates"":[-81.40083947049044,28.391254554597477]}"
0000000000000000000f_0,Fortune 500 HQ,367. THOR INDUSTRIES,4.3503687894674694E-5,"{""geodesic"":false,""type"":""Point"",""coordinates"":[-85.9912305723412,41.65937130104281]}"
00000000000000000010_0,Fortune 500 HQ,"375. EMCOR Norwalk, Connecticut, USA",4.4467912425428384E-5,"{""geodesic"":false,""type"":""Point"",""coordinates"":[-73.4148165946679,41.15631474193588]}"
00000000000000000011_0,Fortune 500 HQ,366. Masco Corp,5.224996439566948E-5,"{""geodesic"":false,""type"":""Point"",""coordinates"":[-83.3501836370298,42.35107406981484]}"
00000000000000000012_0,Fortune 500 HQ,"365. Caesars Entertainment, Caesars Palace Drive, Las Vegas, NV, USA",5.827448871041007E-5,"{""geodesic"":false,""type"":""Point"",""coordinates"":[-115.16851100054325,36.125749150866554]}"
00000000000000000013_0,Fortune 500 HQ,"399. JetBlue Airways Corporation, Queens Plaza North, Long Island City, NY, USA",8.747815628807685E-5,"{""geodesic"":false,""type"":""Point"",""coordinates"":[-73.91787315377482,40.77902232260568]}"
00000000000000000014_0,Fortune 500 HQ,"398. WEC Energy Group, West Michigan Street, Milwaukee, WI, USA",4.370542177808618E-5,"{""geodesic"":false,""type"":""Point"",""coordinates"":[-87.94057473888056,43.042776838586875]}"
00000000000000000015_0,Fortune 500 HQ,"397. W. R. Berkley Corporation, Steamboat Road, Greenwich, CT, USA",4.899376437683996E-5,"{""geodesic"":false,""type"":""Point"",""coordinates"":[-73.60346280433299,41.030550602159146]}"
00000000000000000016_0,Fortune 500 HQ,"396. EnLink Midstream, Routh Street, Dallas, TX, USA",5.0348112262864E-5,"{""geodesic"":false,""type"":""Point"",""coordinates"":[-96.80694659314024,32.792999446783135]}"
00000000000000000017_0,Fortune 500 HQ,"391. Anixter Glenview, Patriot Boulevard, Glenview, IL, USA",5.898166618091944E-5,"{""geodesic"":false,""type"":""Point"",""coordinates"":[-87.81481059910382,42.099545790261374]}"
00000000000000000018_0,Fortune 500 HQ,"395 Osh Kosh, Oshkosh, WI, USA",3.4314463358857994E-5,"{""geodesic"":false,""type"":""Point"",""coordinates"":[-88.56939543776421,44.048889956800735]}"
00000000000000000019_0,Fortune 500 HQ,"394. Builders FirstSource, Bryan Street, Dallas, TX, USA",5.0348112262864E-5,"{""geodesic"":false,""type"":""Point"",""coordinates"":[-96.80694659314024,32.792999446783135]}"
0000000000000000001a_0,Fortune 500 HQ,363. Ryder System,4.1248501277005455E-5,"{""geodesic"":false,""type"":""Point"",""coordinates"":[-80.20608014261147,25.750207619286083]}"
0000000000000000001b_0,Fortune 500 HQ,"393. Dean Foods Company, North Haskell Avenue, Dallas, TX, USA",5.0348112262864E-5,"{""geodesic"":false,""type"":""Point"",""coordinates"":[-96.80694659314024,32.792999446783135]}"
0000000000000000001c_0,Fortune 500 HQ,"392. PPL, Allentown, PA, USA",2.862830736844547E-5,"{""geodesic"":false,""type"":""Point"",""coordinates"":[-75.55280697087235,40.590376112940575]}"
0000000000000000001d_0,Fortune 500 HQ,362. Yum China Holdings,3.684942580208026E-5,"{""geodesic"":false,""type"":""Point"",""coordinates"":[-96.6811824533635,33.0445277263366]}"
0000000000000000001e_0,Fortune 500 HQ,"391. Hershey, PA, USA",3.0240662488237413E-5,"{""geodesic"":false,""type"":""Point"",""coordinates"":[-76.62180215897459,40.275965763498746]}"
0000000000000000001f_0,Fortune 500 HQ,"390. Alliance Data Systems, Plano, TX, USA",3.684942580208026E-5,"{""geodesic"":false,""type"":""Point"",""coordinates"":[-96.6811824533635,33.0445277263366]}"
00000000000000000020_0,Fortune 500 HQ,"389. Berry Global, Oakley Street, Evansville, IN, USA",3.351035140435146E-5,"{""geodesic"":false,""type"":""Point"",""coordinates"":[-87.56328231955035,37.94932917762919]}"
00000000000000000021_0,Fortune 500 HQ,361. Fidelity National Information Services,4.881456158626854E-5,"{""geodesic"":false,""type"":""Point"",""coordinates"":[-81.65236775004391,30.34059872113684]}"
00000000000000000022_0,Fortune 500 HQ,"388. Tractor Supply Company  Brentwood, TN, USA",3.2817936218050236E-5,"{""geodesic"":false,""type"":""Point"",""coordinates"":[-86.80869748088996,36.06286708097819]}"
00000000000000000023_0,Fortune 500 HQ,"387. Zimmer Biomet Warsaw, IN, USA",4.2352306679879656E-5,"{""geodesic"":false,""type"":""Point"",""coordinates"":[-85.86546643256446,41.21919681182424]}"
00000000000000000024_0,Fortune 500 HQ,"386. Conagra Brands, Chicago, IL, USA",7.601491201048877E-5,"{""geodesic"":false,""type"":""Point"",""coordinates"":[-87.62616438943873,41.84801751070791]}"
00000000000000000025_0,Fortune 500 HQ,"385. Foot Locker, Broadway, New York, NY, USA",1.0035571628393234E-4,"{""geodesic"":false,""type"":""Point"",""coordinates"":[-73.9807552236632,40.77902232260568]}"
00000000000000000026_0,Fortune 500 HQ,359. Dick’s Sporting Goods,3.52475929308184E-5,"{""geodesic"":false,""type"":""Point"",""coordinates"":[-80.14319807272311,40.527494043052215]}"
00000000000000000027_0,Fortune 500 HQ,"384. Fifth Third Bank, OH, USA",3.961406513440664E-5,"{""geodesic"":false,""type"":""Point"",""coordinates"":[-84.41917882513204,39.14408850550815]}"
00000000000000000028_0,Fortune 500 HQ,"358. Eversource, Station Drive, Westwood, MA, USA",3.71686401709126E-5,"{""geodesic"":false,""type"":""Point"",""coordinates"":[-71.1510620786867,42.22530993003811]}"
00000000000000000029_0,Fortune 500 HQ,"383. Cheniere Energy Inc, Milam Street, Houston, TX, USA",4.62703000555975E-5,"{""geodesic"":false,""type"":""Point"",""coordinates"":[-95.3606589857078,29.77466009214154]}"
0000000000000000002a_0,Fortune 500 HQ,"357. National Oilwell Varco, Cypress Creek Road, Cedar Park, TX, USA",2.156946089980095E-5,"{""geodesic"":false,""type"":""Point"",""coordinates"":[-97.8130597113541,30.46636286091357]}"
0000000000000000002b_0,Fortune 500 HQ,"382. Auto-Owners Insurance, Anacapri Drive, Lansing, MI, USA",3.026781851163888E-5,"{""geodesic"":false,""type"":""Point"",""coordinates"":[-84.60782503479713,42.72836648914504]}"
0000000000000000002c_0,Fortune 500 HQ,"381. Erie Insurance Arena, French Street, Erie, PA, USA",2.864244100621681E-5,"{""geodesic"":false,""type"":""Point"",""coordinates"":[-80.08031600283475,42.099545790261374]}"
0000000000000000002d_0,Fortune 500 HQ,356. Jones Financial (Edward Jones),4.514257804527948E-5,"{""geodesic"":false,""type"":""Point"",""coordinates"":[-90.45585753441522,38.57814987651285]}"
0000000000000000002e_0,Fortune 500 HQ,"380. Liberty Media Corporation, Liberty Boulevard, Englewood, CO, USA",2.9379583494468344E-5,"{""geodesic"":false,""type"":""Point"",""coordinates"":[-104.85585153885114,39.584262994726714]}"
0000000000000000002f_0,Fortune 500 HQ,355. Frontier Communications,5.037657098739503E-5,"{""geodesic"":false,""type"":""Point"",""coordinates"":[-73.4148165946679,41.09343267204751]}"
00000000000000000030_0,Fortune 500 HQ,"500. Levi's Store, San Francisco, CA, USA",3.726038482694589E-5,"{""geodesic"":false,""type"":""Point"",""coordinates"":[-122.3999490377054,37.76068296796409]}"
00000000000000000031_0,Fortune 500 HQ,"354. J.B. Hunt Transport Services, Inc., J B Hunt Corporate Drive, Lowell, AR, USA",2.4487232034772494E-5,"{""geodesic"":false,""type"":""Point"",""coordinates"":[-94.16589965782885,36.25151329064329]}"
00000000000000000032_0,Fortune 500 HQ,"499. Peabody Energy, St. Louis, MO, USA",5.4413799194717365E-5,"{""geodesic"":false,""type"":""Point"",""coordinates"":[-90.20432925486175,38.64103194640121]}"
00000000000000000033_0,Fortune 500 HQ,"498. Western Union,Denver, CO, USA",4.5773607170125637E-5,"{""geodesic"":false,""type"":""Point"",""coordinates"":[-104.98161567862788,39.71002713450345]}"
00000000000000000034_0,Fortune 500 HQ,353. UNIVAR,8.827746039121096E-5,"{""geodesic"":false,""type"":""Point"",""coordinates"":[-88.00345680876892,41.785135440819545]}"
00000000000000000035_0,Fortune 500 HQ,352. WESTLAKE CHEMICAL,4.62703000555975E-5,"{""geodesic"":false,""type"":""Point"",""coordinates"":[-95.3606589857078,29.77466009214154]}"
00000000000000000036_0,Fortune 500 HQ,351. Thrivent Financial for Lutherans,4.766322957067659E-5,"{""geodesic"":false,""type"":""Point"",""coordinates"":[-93.2855506793917,44.992121005126236]}"
00000000000000000037_0,Fortune 500 HQ,350. Rockwell Collins,2.8463231266299946E-5,"{""geodesic"":false,""type"":""Point"",""coordinates"":[-80.08031600283475,26.69343866761158]}"
00000000000000000038_0,Fortune 500 HQ,"349. Campbell Soup Company, Campbell Place, Camden, NJ, USA",4.789305248133616E-5,"{""geodesic"":false,""type"":""Point"",""coordinates"":[-75.11263248165379,39.96155541405691]}"
00000000000000000039_0,Fortune 500 HQ,348. WILLIAMS,4.087592789391936E-5,"{""geodesic"":false,""type"":""Point"",""coordinates"":[-95.98947968459147,36.125749150866554]}"
0000000000000000003a_0,Fortune 500 HQ,"347. Veritiv Corporation, Governors Lake Parkway, Norcross, GA, USA",3.5955921491711194E-5,"{""geodesic"":false,""type"":""Point"",""coordinates"":[-84.23053261546693,33.92487670477373]}"
0000000000000000003b_0,Fortune 500 HQ,346. GameStop,5.4835220214804046E-5,"{""geodesic"":false,""type"":""Point"",""coordinates"":[-97.0584748726937,32.91876358655986]}"
0000000000000000003c_0,Fortune 500 HQ,"497. Navient, Wilmington, DE, USA",4.745488450832957E-5,"{""geodesic"":false,""type"":""Point"",""coordinates"":[-75.55280697087235,39.71002713450345]}"
0000000000000000003d_0,Fortune 500 HQ,"496. Simon Property Group, East Washington Street, Indianapolis, IN, USA",4.919916464778855E-5,"{""geodesic"":false,""type"":""Point"",""coordinates"":[-86.17987678200629,39.772909204391816]}"
0000000000000000003e_0,Fortune 500 HQ,"495. Williams-Sonoma, Post Street, San Francisco, CA, USA",3.726038482694589E-5,"{""geodesic"":false,""type"":""Point"",""coordinates"":[-122.3999490377054,37.76068296796409]}"
0000000000000000003f_0,Fortune 500 HQ,"494. Yum Brands, Louisville, KY, USA",4.496994406105207E-5,"{""geodesic"":false,""type"":""Point"",""coordinates"":[-85.73970229278773,38.26373952707102]}"
00000000000000000040_0,Fortune 500 HQ,"493. Windstream Holdings Little Rock, AR, USA",2.6995355878396784E-5,"{""geodesic"":false,""type"":""Point"",""coordinates"":[-92.27943756117784,34.7423436133225]}"
00000000000000000041_0,Fortune 500 HQ,345. Hilton Worldwide Holdings,4.0154185224026575E-5,"{""geodesic"":false,""type"":""Point"",""coordinates"":[-77.18774078796989,38.95544229584305]}"
00000000000000000042_0,Fortune 500 HQ,"492. Harley-Davidson Museum, West Canal Street, Milwaukee, WI, USA",4.370542177808618E-5,"{""geodesic"":false,""type"":""Point"",""coordinates"":[-87.94057473888056,43.042776838586875]}"
00000000000000000043_0,Fortune 500 HQ,"491. First American Financial, Santa Ana, CA, USA",3.7881847657575816E-5,"{""geodesic"":false,""type"":""Point"",""coordinates"":[-117.87244000574302,33.67334842522026]}"
00000000000000000044_0,Fortune 500 HQ,344. Air Products & Chemicals,2.859381521694772E-5,"{""geodesic"":false,""type"":""Point"",""coordinates"":[-75.489924900984,40.590376112940575]}"
00000000000000000045_0,Fortune 500 HQ,"489. TreeHouse Foods, Inc., Spring Road, Oak Brook, IL, USA",9.048128670142542E-5,"{""geodesic"":false,""type"":""Point"",""coordinates"":[-87.94057473888056,41.84801751070791]}"
00000000000000000046_0,Fortune 500 HQ,"488. Fiserv, Inc., Fiserv Drive, Brookfield, WI, USA",4.691392164420213E-5,"{""geodesic"":false,""type"":""Point"",""coordinates"":[-88.12922094854565,43.042776838586875]}"
00000000000000000047_0,Fortune 500 HQ,"487. Zoetis Inc., Sylvan Way, Parsippany, New Jersey, USA",3.62539338911917E-5,"{""geodesic"":false,""type"":""Point"",""coordinates"":[-74.42092971288176,40.841904392494044]}"
00000000000000000048_0,Fortune 500 HQ,342. Brighthouse Financial,4.557654940388463E-5,"{""geodesic"":false,""type"":""Point"",""coordinates"":[-80.83490084149514,35.24540017242943]}"
00000000000000000049_0,Fortune 500 HQ,"486. Ingredion, Westchester, IL, USA",9.418021090129814E-5,"{""geodesic"":false,""type"":""Point"",""coordinates"":[-87.8776926689922,41.84801751070791]}"
0000000000000000004a_0,Fortune 500 HQ,"485. ON Semiconductor, Phoenix, AZ, USA",7.255152710893024E-5,"{""geodesic"":false,""type"":""Point"",""coordinates"":[-111.96152543623656,33.48470221555516]}"
0000000000000000004b_0,Fortune 500 HQ,NA,1.1137873414493033E-4,"{""geodesic"":false,""type"":""Point"",""coordinates"":[-73.9807552236632,40.71614025271731]}"
0000000000000000004c_0,Fortune 500 HQ,"484. Tapestry, New York, NY, USA",1.1137873414493033E-4,"{""geodesic"":false,""type"":""Point"",""coordinates"":[-73.9807552236632,40.71614025271731]}"
0000000000000000004d_0,Fortune 500 HQ,340. Peter Kiewit Sons’,5.6017896557348994E-5,"{""geodesic"":false,""type"":""Point"",""coordinates"":[-95.9265976147031,41.28207888171261]}"
0000000000000000004e_0,Fortune 500 HQ,"483. NetApp, Sunnyvale, CA, USA",3.5305117584616104E-5,"{""geodesic"":false,""type"":""Point"",""coordinates"":[-122.0226566183752,37.44627261852225]}"
0000000000000000004f_0,Fortune 500 HQ,"482. Intuit, Mountain View, CA, USA",3.600428346115342E-5,"{""geodesic"":false,""type"":""Point"",""coordinates"":[-122.08553868826357,37.44627261852225]}"
00000000000000000050_0,Fortune 500 HQ,"481. Old Republic International Corporation, Michigan Avenue, Chicago, IL, USA",6.90932632450495E-5,"{""geodesic"":false,""type"":""Point"",""coordinates"":[-87.62616438943873,41.91089958059627]}"
00000000000000000051_0,Fortune 500 HQ,"480. Graphic Packaging International, Atlanta, GA, USA",2.6829881793878736E-5,"{""geodesic"":false,""type"":""Point"",""coordinates"":[-81.96677809948574,33.35893807577843]}"
00000000000000000052_0,Fortune 500 HQ,"338. AVIS, Parsippany, NJ, USA",3.62539338911917E-5,"{""geodesic"":false,""type"":""Point"",""coordinates"":[-74.42092971288176,40.841904392494044]}"
00000000000000000053_0,Fortune 500 HQ,"337. Vistra/TXU Energy Corporate Office, Sierra Drive, Irving, TX, USA",5.243418964653262E-5,"{""geodesic"":false,""type"":""Point"",""coordinates"":[-96.99559280280533,32.91876358655986]}"
00000000000000000054_0,Fortune 500 HQ,"479. Hd Supply Holdings Inc,  Atlanta, GA, USA",2.9862383359032913E-5,"{""geodesic"":false,""type"":""Point"",""coordinates"":[-84.4820608950204,33.86199463488536]}"
00000000000000000055_0,Fortune 500 HQ,"478. Realogy Holdings Corp., Park Avenue, Madison, NJ, USA",5.5045681454576455E-5,"{""geodesic"":false,""type"":""Point"",""coordinates"":[-74.42092971288176,40.77902232260568]}"
00000000000000000056_0,Fortune 500 HQ,"477. Clorox Co, Broadway, Oakland, CA, USA",4.6307063968140927E-5,"{""geodesic"":false,""type"":""Point"",""coordinates"":[-122.27418489792866,37.823565037852454]}"
00000000000000000057_0,Fortune 500 HQ,"476. Polaris Industries Inc, Highway 55, Medina, MN, USA",3.225112318137297E-5,"{""geodesic"":false,""type"":""Point"",""coordinates"":[-93.59996102883355,45.055003075014604]}"
00000000000000000058_0,Fortune 500 HQ,"475. Booz Allen Hamilton Inc, , McLean, VA, USA",3.825812524956197E-5,"{""geodesic"":false,""type"":""Point"",""coordinates"":[-77.25062285785825,38.89256022595468]}"
00000000000000000059_0,Fortune 500 HQ,"474. L3Harris Technologies: Communication Systems-West, 2200 West, Salt Lake City, UT, USA",4.0977493704566606E-5,"{""geodesic"":false,""type"":""Point"",""coordinates"":[-111.96152543623656,40.77902232260568]}"
0000000000000000005a_0,Fortune 500 HQ,"473. Ralph Lauren New York, NY, USA",1.0035571628393234E-4,"{""geodesic"":false,""type"":""Point"",""coordinates"":[-73.9807552236632,40.77902232260568]}"
0000000000000000005b_0,Fortune 500 HQ,"472. Analog Devices, Technology Way, Norwood, MA, USA",3.71686401709126E-5,"{""geodesic"":false,""type"":""Point"",""coordinates"":[-71.1510620786867,42.22530993003811]}"
0000000000000000005c_0,Fortune 500 HQ,"471. Post Holdings Inc, South Hanley Road, St. Louis, MO, USA",4.717377712455083E-5,"{""geodesic"":false,""type"":""Point"",""coordinates"":[-90.33009339463848,38.64103194640121]}"
0000000000000000005d_0,Fortune 500 HQ,"470. S and P Global, New York, NY, USA",1.0035571628393234E-4,"{""geodesic"":false,""type"":""Point"",""coordinates"":[-73.9807552236632,40.77902232260568]}"
0000000000000000005e_0,Fortune 500 HQ,"469. Intercontinental Exchange, New Northside Drive, Atlanta, GA, USA",3.387357874443377E-5,"{""geodesic"":false,""type"":""Point"",""coordinates"":[-84.41917882513204,33.92487670477373]}"
0000000000000000005f_0,Fortune 500 HQ,"478. Ameren Corporation,  St. Louis, MO, USA",5.4413799194717365E-5,"{""geodesic"":false,""type"":""Point"",""coordinates"":[-90.20432925486175,38.64103194640121]}"
00000000000000000060_0,Fortune 500 HQ,"467. Franklin Templeton Investments, San Mateo, CA, USA",3.9108585779668945E-5,"{""geodesic"":false,""type"":""Point"",""coordinates"":[-122.27418489792866,37.572036758298985]}"
00000000000000000061_0,Fortune 500 HQ,"166. iHeartMedia San Antonio, San Antonio, TX, USA",3.2523850170244236E-5,"{""geodesic"":false,""type"":""Point"",""coordinates"":[-98.44188041023776,29.648895952364807]}"
00000000000000000062_0,Fortune 500 HQ,"465. NCR Global, Atlanta, GA, USA",4.057276822228654E-5,"{""geodesic"":false,""type"":""Point"",""coordinates"":[-84.41917882513204,33.799112564996996]}"
00000000000000000063_0,Fortune 500 HQ,"464. Beacon Roofing Supply Inc, Huntmar Park Drive, Herndon, VA, USA",3.329498024238125E-5,"{""geodesic"":false,""type"":""Point"",""coordinates"":[-77.37638699763498,38.95544229584305]}"
00000000000000000064_0,Fortune 500 HQ,"463. ABM Industries, New York, NY, USA",1.1137873414493033E-4,"{""geodesic"":false,""type"":""Point"",""coordinates"":[-73.9807552236632,40.71614025271731]}"
00000000000000000065_0,Fortune 500 HQ,"336. Mutual of Omaha® Insurance Co., Dodge Street, Omaha, NE, USA",5.436600904057143E-5,"{""geodesic"":false,""type"":""Point"",""coordinates"":[-95.98947968459147,41.28207888171261]}"
00000000000000000066_0,Fortune 500 HQ,"462. M&T Bank Buffalo, NY, USA",2.7098321552933206E-5,"{""geodesic"":false,""type"":""Point"",""coordinates"":[-78.82267460506742,43.042776838586875]}"
00000000000000000067_0,Fortune 500 HQ,"461. HESS New York, NY, USA",1.1137873414493033E-4,"{""geodesic"":false,""type"":""Point"",""coordinates"":[-73.9807552236632,40.71614025271731]}"
00000000000000000068_0,Fortune 500 HQ,"460. Advanced Micro Devices, Augustine Drive, Santa Clara, CA, USA",4.416408532822157E-5,"{""geodesic"":false,""type"":""Point"",""coordinates"":[-121.95977454848683,37.383390548633884]}"
00000000000000000069_0,Fortune 500 HQ,335. AGCO,3.113620646983103E-5,"{""geodesic"":false,""type"":""Point"",""coordinates"":[-84.16765054557857,33.9877587746621]}"
0000000000000000006a_0,Fortune 500 HQ,"459. Cintas Center, Herald Avenue, Cincinnati, OH, USA",4.7735474734616414E-5,"{""geodesic"":false,""type"":""Point"",""coordinates"":[-84.4820608950204,39.14408850550815]}"
0000000000000000006b_0,Fortune 500 HQ,"458. Dillard's, Little Rock AR, USA",2.999409869985406E-5,"{""geodesic"":false,""type"":""Point"",""coordinates"":[-92.34231963106622,34.7423436133225]}"
0000000000000000006c_0,Fortune 500 HQ,334. COTY,1.1137873414493033E-4,"{""geodesic"":false,""type"":""Point"",""coordinates"":[-73.9807552236632,40.71614025271731]}"
0000000000000000006d_0,Fortune 500 HQ,"457. Ascena Retail Group Inc (ASNA),Mahwah, NJ, USA",3.66171452168494E-5,"{""geodesic"":false,""type"":""Point"",""coordinates"":[-74.16940143332829,41.09343267204751]}"
0000000000000000006e_0,Fortune 500 HQ,"333. Pioneer Natural Resources Company, North O'Connor Boulevard, Irving, TX, USA",5.349335236583694E-5,"{""geodesic"":false,""type"":""Point"",""coordinates"":[-96.93271073291696,32.855881516671495]}"
0000000000000000006f_0,Fortune 500 HQ,"456. Marathon Oil, Houston, TX, USA",4.044040016268735E-5,"{""geodesic"":false,""type"":""Point"",""coordinates"":[-95.48642312548454,29.77466009214154]}"
00000000000000000070_0,Fortune 500 HQ,332. First Data,1.1137873414493033E-4,"{""geodesic"":false,""type"":""Point"",""coordinates"":[-73.9807552236632,40.71614025271731]}"
00000000000000000071_0,Fortune 500 HQ,"455. Seaboard Corporation Shawnee Mission, KS, USA",4.2303930137863254E-5,"{""geodesic"":false,""type"":""Point"",""coordinates"":[-94.66895621693577,39.01832436573142]}"
00000000000000000072_0,Fortune 500 HQ,331. Hertz Global Holdings,2.2673004702954448E-5,"{""geodesic"":false,""type"":""Point"",""coordinates"":[-81.77813188982064,26.441910388058115]}"
00000000000000000073_0,Fortune 500 HQ,"454. Chemours, Wilmington, DE, USA",4.634085701209006E-5,"{""geodesic"":false,""type"":""Point"",""coordinates"":[-75.55280697087235,39.772909204391816]}"
00000000000000000074_0,Fortune 500 HQ,"453. Northern Trust, Chicago, IL, USA",6.90932632450495E-5,"{""geodesic"":false,""type"":""Point"",""coordinates"":[-87.62616438943873,41.91089958059627]}"
00000000000000000075_0,Fortune 500 HQ,330. Calpine,4.62703000555975E-5,"{""geodesic"":false,""type"":""Point"",""coordinates"":[-95.3606589857078,29.77466009214154]}"
00000000000000000076_0,Fortune 500 HQ,"452. Rockwell Automation, Inc., Milwaukee, WI, USA",4.370542177808618E-5,"{""geodesic"":false,""type"":""Point"",""coordinates"":[-87.94057473888056,43.042776838586875]}"
00000000000000000077_0,Fortune 500 HQ,"329. O'Reilly Auto Parts Distribution Center, West Broadway Avenue, Minneapolis, MN, USA",4.43088392531404E-5,"{""geodesic"":false,""type"":""Point"",""coordinates"":[-93.34843274928008,45.055003075014604]}"
00000000000000000078_0,Fortune 500 HQ,"45. Burlington Stores, Burlington, NJ, USA",6.028009771726028E-5,"{""geodesic"":false,""type"":""Point"",""coordinates"":[-74.86110420210032,40.087319553833645]}"
00000000000000000079_0,Fortune 500 HQ,328. Hormel Foods,3.000963036752014E-5,"{""geodesic"":false,""type"":""Point"",""coordinates"":[-92.97114032994988,43.67159753747054]}"
0000000000000000007a_0,Fortune 500 HQ,327. Altice USA,5.646127787946448E-5,"{""geodesic"":false,""type"":""Point"",""coordinates"":[-73.16328831511443,40.77902232260568]}"
0000000000000000007b_0,Fortune 500 HQ,"450. Regeneron Pharmaceuticals, Inc., Tarrytown, NY, USA",5.2253165647871866E-5,"{""geodesic"":false,""type"":""Point"",""coordinates"":[-73.85499108388646,41.09343267204751]}"
0000000000000000007c_0,Fortune 500 HQ,"449. Ulta Beauty, Bolingbrook, IL, USA",9.086255500555166E-5,"{""geodesic"":false,""type"":""Point"",""coordinates"":[-88.06633887865729,41.72225337093118]}"
0000000000000000007d_0,Fortune 500 HQ,326. Advance Auto Parts,3.104646648507901E-5,"{""geodesic"":false,""type"":""Point"",""coordinates"":[-78.63402839540231,35.74845673153636]}"
0000000000000000007e_0,Fortune 500 HQ,"448. Wynn Resorts,  Las Vegas, NV, USA",5.827448871041007E-5,"{""geodesic"":false,""type"":""Point"",""coordinates"":[-115.16851100054325,36.125749150866554]}"
0000000000000000007f_0,Fortune 500 HQ,"447. Regions Financial, Birmingham, AL, USA",3.8236562706976986E-5,"{""geodesic"":false,""type"":""Point"",""coordinates"":[-86.80869748088996,33.54758428544353]}"
00000000000000000080_0,Fortune 500 HQ,325. Mosaic,3.8892560307322E-5,"{""geodesic"":false,""type"":""Point"",""coordinates"":[-93.47419688905681,44.992121005126236]}"
00000000000000000081_0,Fortune 500 HQ,"446. Wayfair, Boston, MA, USA",7.673807305835998E-5,"{""geodesic"":false,""type"":""Point"",""coordinates"":[-71.08818000879833,42.35107406981484]}"
00000000000000000082_0,Fortune 500 HQ,"445. RR Donnelley and Sons, Chicago, IL, USA",7.601491201048877E-5,"{""geodesic"":false,""type"":""Point"",""coordinates"":[-87.62616438943873,41.84801751070791]}"
00000000000000000083_0,Fortune 500 HQ,324. PVH,1.1137873414493033E-4,"{""geodesic"":false,""type"":""Point"",""coordinates"":[-73.9807552236632,40.71614025271731]}"
00000000000000000084_0,Fortune 500 HQ,"444. Hanesbrands, Winston-Salem, NC, USA",3.236735716511033E-5,"{""geodesic"":false,""type"":""Point"",""coordinates"":[-80.26896221249984,36.06286708097819]}"
00000000000000000085_0,Fortune 500 HQ,"323. Public Service Enterprise Group, Park Place, Newark, NJ, USA",1.253653967105048E-4,"{""geodesic"":false,""type"":""Point"",""coordinates"":[-74.16940143332829,40.71614025271731]}"
00000000000000000086_0,Fortune 500 HQ,"443. AK Steel Holding, West Chester, OH, USA",2.814129489642285E-5,"{""geodesic"":false,""type"":""Point"",""coordinates"":[-81.33795740060208,40.21308369361038]}"
00000000000000000087_0,Fortune 500 HQ,"322. Interpublic Group of Companies, Third Avenue, New York, NY, USA",1.0035571628393234E-4,"{""geodesic"":false,""type"":""Point"",""coordinates"":[-73.9807552236632,40.77902232260568]}"
00000000000000000088_0,Fortune 500 HQ,"442, Blackstone Group LP New York, NY, USA",1.0035571628393234E-4,"{""geodesic"":false,""type"":""Point"",""coordinates"":[-73.9807552236632,40.77902232260568]}"
00000000000000000089_0,Fortune 500 HQ,"441. Markel Corporation, Glen Allen, VA, USA",2.694764879726041E-5,"{""geodesic"":false,""type"":""Point"",""coordinates"":[-77.56503320730009,37.63491882818735]}"
0000000000000000008a_0,Fortune 500 HQ,"321. Autoliv Americas, Pacific Drive, Auburn Hills, MI, USA",3.4181995896178116E-5,"{""geodesic"":false,""type"":""Point"",""coordinates"":[-83.28730156714144,42.66548441925667]}"
0000000000000000008b_0,Fortune 500 HQ,"440. CMS Energy, Jackson, MI, USA",3.0119986107489607E-5,"{""geodesic"":false,""type"":""Point"",""coordinates"":[-84.41917882513204,42.22530993003811]}"
0000000000000000008c_0,Fortune 500 HQ,"439. Asbury Automotive Group, Premiere Duluth, GA, USA",3.364285523840695E-5,"{""geodesic"":false,""type"":""Point"",""coordinates"":[-84.1047684756902,33.9877587746621]}"
0000000000000000008d_0,Fortune 500 HQ,"320. DCP Midstream Partners LP, 17th Street, Denver, CO, USA",5.6791397915338495E-5,"{""geodesic"":false,""type"":""Point"",""coordinates"":[-104.98161567862788,39.772909204391816]}"
0000000000000000008e_0,Fortune 500 HQ,"438. Owens-Illinois, Perrysburg, OH, USA",4.2176940192355547E-5,"{""geodesic"":false,""type"":""Point"",""coordinates"":[-83.66459398647163,41.533607161266076]}"
0000000000000000008f_0,Fortune 500 HQ,"437. Alleghany Corporation, Broadway, New York, NY, USA",1.0035571628393234E-4,"{""geodesic"":false,""type"":""Point"",""coordinates"":[-73.9807552236632,40.77902232260568]}"
00000000000000000090_0,Fortune 500 HQ,"319. Boston Scientific Corporation, Boston Scientific Way, Marlborough, MA, USA",3.8005839078673045E-5,"{""geodesic"":false,""type"":""Point"",""coordinates"":[-71.59123656790527,42.35107406981484]}"
00000000000000000091_0,Fortune 500 HQ,"436. MasTec Network Solutions,  Gables, FL, USA",3.610716364898067E-5,"{""geodesic"":false,""type"":""Point"",""coordinates"":[-80.26896221249984,25.750207619286083]}"
00000000000000000092_0,Fortune 500 HQ,318. Xerox,5.037657098739503E-5,"{""geodesic"":false,""type"":""Point"",""coordinates"":[-73.4148165946679,41.09343267204751]}"
00000000000000000093_0,Fortune 500 HQ,"435. Arthur Gallagher Rolling Meadows, IL, USA",8.041145309899753E-5,"{""geodesic"":false,""type"":""Point"",""coordinates"":[-88.00345680876892,42.03666372037301]}"
00000000000000000094_0,Fortune 500 HQ,"434. Olin Corporation,Clayton, MO, USA",4.717377712455083E-5,"{""geodesic"":false,""type"":""Point"",""coordinates"":[-90.33009339463848,38.64103194640121]}"
00000000000000000095_0,Fortune 500 HQ,317. Owens & Minor,2.715267410409276E-5,"{""geodesic"":false,""type"":""Point"",""coordinates"":[-77.37638699763498,37.63491882818735]}"
00000000000000000096_0,Fortune 500 HQ,"433. Travelcenters of America, Westlake, Ohio, USA",2.638127842920371E-5,"{""geodesic"":false,""type"":""Point"",""coordinates"":[-81.90389602959738,41.47072509137771]}"
00000000000000000097_0,Fortune 500 HQ,"316. Sonic Automotive, Colwick Road, Charlotte, NC, USA",3.625075992940776E-5,"{""geodesic"":false,""type"":""Point"",""coordinates"":[-80.77201877160678,35.18251810254106]}"
00000000000000000098_0,Fortune 500 HQ,"432. Packaging Corp of America, Lake Forest, IL, USA",4.7751262162570804E-5,"{""geodesic"":false,""type"":""Point"",""coordinates"":[-87.81481059910382,42.288191999926475]}"
00000000000000000099_0,Fortune 500 HQ,315. Mohawk Industries,2.6367252863825565E-5,"{""geodesic"":false,""type"":""Point"",""coordinates"":[-84.92223538423896,34.49081533376903]}"
0000000000000000009a_0,Fortune 500 HQ,"431. Owens Corning, Toledo, OH, USA",4.46154823383406E-5,"{""geodesic"":false,""type"":""Point"",""coordinates"":[-83.5388298466949,41.65937130104281]}"
0000000000000000009b_0,Fortune 500 HQ,314. Republic Services,5.928028163179122E-5,"{""geodesic"":false,""type"":""Point"",""coordinates"":[-112.08728957601329,33.4218201456668]}"
0000000000000000009c_0,Fortune 500 HQ,"430. Insight Enterprises, Inc., Tempe, AZ, USA",3.825031959111018E-5,"{""geodesic"":false,""type"":""Point"",""coordinates"":[-111.96152543623656,33.35893807577843]}"
0000000000000000009d_0,Fortune 500 HQ,"429. Sanmina Corporation, San Jose, CA, USA",4.416408532822157E-5,"{""geodesic"":false,""type"":""Point"",""coordinates"":[-121.95977454848683,37.383390548633884]}"
0000000000000000009e_0,Fortune 500 HQ,"428. Toll Brothers, Horsham, PA, USA",3.9281851357117466E-5,"{""geodesic"":false,""type"":""Point"",""coordinates"":[-75.11263248165379,40.15020162372201]}"
0000000000000000009f_0,Fortune 500 HQ,313. Eastman Chemical,2.1006878309715002E-5,"{""geodesic"":false,""type"":""Point"",""coordinates"":[-82.53271672848103,36.565923640085124]}"
000000000000000000a0_0,Fortune 500 HQ,"427. American Financial Group, Cincinnati, OH, USA",4.4671309054528835E-5,"{""geodesic"":false,""type"":""Point"",""coordinates"":[-84.4820608950204,39.081206435619784]}"
000000000000000000a1_0,Fortune 500 HQ,312. PulteGroup,3.820390786572428E-5,"{""geodesic"":false,""type"":""Point"",""coordinates"":[-84.41917882513204,33.73623049510863]}"
000000000000000000a2_0,Fortune 500 HQ,"426. Celanese Corporation,  Irving, TX, USA",5.349335236583694E-5,"{""geodesic"":false,""type"":""Point"",""coordinates"":[-96.93271073291696,32.855881516671495]}"
000000000000000000a3_0,Fortune 500 HQ,"425. Avery Dennison, Glendale, CA, USA",1.0546066063994422E-4,"{""geodesic"":false,""type"":""Point"",""coordinates"":[-118.2497324250732,34.11352291443883]}"
000000000000000000a4_0,Fortune 500 HQ,311. Leidos Holdings,2.7033178018008226E-5,"{""geodesic"":false,""type"":""Point"",""coordinates"":[-77.43926906752336,37.572036758298985]}"
000000000000000000a5_0,Fortune 500 HQ,"424. NVR Inc, Reston, VA, USA",3.329498024238125E-5,"{""geodesic"":false,""type"":""Point"",""coordinates"":[-77.37638699763498,38.95544229584305]}"
000000000000000000a6_0,Fortune 500 HQ,"423. Graybar Electric Supply, St. Louis, MO, USA",4.495613702345313E-5,"{""geodesic"":false,""type"":""Point"",""coordinates"":[-90.33009339463848,38.70391401628958]}"
000000000000000000a7_0,Fortune 500 HQ,"422. Everett, WA, USA",4.414802157374611E-5,"{""geodesic"":false,""type"":""Point"",""coordinates"":[-122.2113028280403,47.94757828987946]}"
000000000000000000a8_0,Fortune 500 HQ,"421. Western & Southern Financial Group Findlay, OH, USA",3.211821272954654E-5,"{""geodesic"":false,""type"":""Point"",""coordinates"":[-83.60171191658327,41.030550602159146]}"
000000000000000000a9_0,Fortune 500 HQ,"420. Spirit Aerosystems Holdings, Wichita, KS, USA",2.9035851185015943E-5,"{""geodesic"":false,""type"":""Point"",""coordinates"":[-97.31000315224716,37.69780089807572]}"
000000000000000000aa_0,Fortune 500 HQ,"419. Newmont Goldcorp, Greenwood Village, CO, USA",3.891091069580857E-5,"{""geodesic"":false,""type"":""Point"",""coordinates"":[-104.98161567862788,39.64714506461508]}"
000000000000000000ab_0,Fortune 500 HQ,"418. American Axle and Manufacturing, Detroit, MI, USA",4.6757924824856683E-5,"{""geodesic"":false,""type"":""Point"",""coordinates"":[-83.03577328758797,42.35107406981484]}"
000000000000000000ac_0,Fortune 500 HQ,"417. Magellan Health, Scottsdale, AZ, USA",5.907683353465566E-5,"{""geodesic"":false,""type"":""Point"",""coordinates"":[-111.8986433663482,33.48470221555516]}"
000000000000000000ad_0,Fortune 500 HQ,"416. Motorola Solutions Inc, Chicago, IL, USA",6.90932632450495E-5,"{""geodesic"":false,""type"":""Point"",""coordinates"":[-87.62616438943873,41.91089958059627]}"
000000000000000000ae_0,Fortune 500 HQ,"415. Citizens Financial Group, Providence, RI, USA",4.2314302952772564E-5,"{""geodesic"":false,""type"":""Point"",""coordinates"":[-71.40259035824016,41.84801751070791]}"
000000000000000000af_0,Fortune 500 HQ,"414. J M Smucker Co Store & Cafe,  Orville, OH, USA",3.094794070815654E-5,"{""geodesic"":false,""type"":""Point"",""coordinates"":[-81.77813188982064,40.77902232260568]}"
000000000000000000b0_0,Fortune 500 HQ,"413. Keycorp, Cleveland, OH, USA",2.8682844572721517E-5,"{""geodesic"":false,""type"":""Point"",""coordinates"":[-81.4637215403788,41.40784302148934]}"
000000000000000000b1_0,Fortune 500 HQ,"412. Dover Corporation, IL, USA",8.688017312891784E-5,"{""geodesic"":false,""type"":""Point"",""coordinates"":[-88.00345680876892,41.84801751070791]}"
000000000000000000b2_0,Fortune 500 HQ,"411. Apache Corp, Houston, TX, USA",4.044040016268735E-5,"{""geodesic"":false,""type"":""Point"",""coordinates"":[-95.48642312548454,29.77466009214154]}"
000000000000000000b3_0,Fortune 500 HQ,"410. American Tower Corporation, Boston, MA, USA",7.673807305835998E-5,"{""geodesic"":false,""type"":""Point"",""coordinates"":[-71.08818000879833,42.35107406981484]}"
000000000000000000b4_0,Fortune 500 HQ,"409. Keurig Dr Pepper, Inc., Burlington, MA, USA",4.182142707077895E-5,"{""geodesic"":false,""type"":""Point"",""coordinates"":[-71.21394414857507,42.47683820959158]}"
000000000000000000b5_0,Fortune 500 HQ,"408. Casey's General Stores Inc, IA, USA",3.2588256666099785E-5,"{""geodesic"":false,""type"":""Point"",""coordinates"":[-93.59996102883355,41.72225337093118]}"
000000000000000000b6_0,Fortune 500 HQ,"407. Raymond James Financial, St. Petersburg, FL, USA",2.938513421687648E-5,"{""geodesic"":false,""type"":""Point"",""coordinates"":[-82.65848086825777,27.888197995490543]}"
000000000000000000b7_0,Fortune 500 HQ,"406. Weyerhaeuser Company Seattle, WA, USA",6.702698886189212E-5,"{""geodesic"":false,""type"":""Point"",""coordinates"":[-122.33706696781704,47.57028587054926]}"
000000000000000000b8_0,Fortune 500 HQ,"405. Activision Blizzard, Santa Monica, CA, USA",6.487029927552887E-5,"{""geodesic"":false,""type"":""Point"",""coordinates"":[-118.43837863473831,34.050640844550465]}"
000000000000000000b9_0,Fortune 500 HQ,"404. Quest Diagnostics Corporate, Secaucus, NJ, USA",1.041311030998537E-4,"{""geodesic"":false,""type"":""Point"",""coordinates"":[-74.04363729355155,40.77902232260568]}"
000000000000000000ba_0,Fortune 500 HQ,"403. Constellation Brands Inc, High Point Drive, Victor, NY, USA",2.4585524338437177E-5,"{""geodesic"":false,""type"":""Point"",""coordinates"":[-77.43926906752336,43.042776838586875]}"
000000000000000000bb_0,Fortune 500 HQ,"402. Fidelity National Financial, Inc.,, Riverside Avenue, Jacksonville, FL, USA",4.881456158626854E-5,"{""geodesic"":false,""type"":""Point"",""coordinates"":[-81.65236775004391,30.34059872113684]}"
000000000000000000bc_0,Fortune 500 HQ,"401. A-Mark Previous Metals El Segundo, CA, USA",7.560481997789541E-5,"{""geodesic"":false,""type"":""Point"",""coordinates"":[-118.43837863473831,33.92487670477373]}"
000000000000000000bd_0,Fortune 500 HQ,"400. UGI Corporation, North Gulph Road, King of Prussia, PA, USA",3.61618853496632E-5,"{""geodesic"":false,""type"":""Point"",""coordinates"":[-75.42704283109562,40.087319553833645]}"
000000000000000000be_0,Fortune 500 HQ,310. United Natural Foods,4.2314302952772564E-5,"{""geodesic"":false,""type"":""Point"",""coordinates"":[-71.40259035824016,41.84801751070791]}"
000000000000000000bf_0,Fortune 500 HQ,309. Chesapeake Energy,2.9666195539872207E-5,"{""geodesic"":false,""type"":""Point"",""coordinates"":[-97.49864936191227,35.49692845198289]}"
000000000000000000c0_0,Fortune 500 HQ,308. Navistar International,8.643935877611708E-5,"{""geodesic"":false,""type"":""Point"",""coordinates"":[-88.06633887865729,41.785135440819545]}"
000000000000000000c1_0,Fortune 500 HQ,307. Delek US Holdings,3.2817936218050236E-5,"{""geodesic"":false,""type"":""Point"",""coordinates"":[-86.80869748088996,36.06286708097819]}"
000000000000000000c2_0,Fortune 500 HQ,306. American Family Insurance Group,3.513738336305747E-5,"{""geodesic"":false,""type"":""Point"",""coordinates"":[-89.38686234631298,43.042776838586875]}"
000000000000000000c3_0,Fortune 500 HQ,305. IQVIA Holdings,2.1905703741293485E-5,"{""geodesic"":false,""type"":""Point"",""coordinates"":[-78.88555667495578,35.99998501108983]}"
000000000000000000c4_0,Fortune 500 HQ,304. SunTrust Banks,3.820390786572428E-5,"{""geodesic"":false,""type"":""Point"",""coordinates"":[-84.41917882513204,33.73623049510863]}"
000000000000000000c5_0,Fortune 500 HQ,303. Ally Financial,4.6757924824856683E-5,"{""geodesic"":false,""type"":""Point"",""coordinates"":[-83.03577328758797,42.35107406981484]}"
000000000000000000c6_0,Fortune 500 HQ,302. Targa Resources,4.62703000555975E-5,"{""geodesic"":false,""type"":""Point"",""coordinates"":[-95.3606589857078,29.77466009214154]}"
000000000000000000c7_0,Fortune 500 HQ,"301. BorgWarner Propulsion Technical Center, Automation Avenue, Auburn Hills, MI, USA",3.07430931107466E-5,"{""geodesic"":false,""type"":""Point"",""coordinates"":[-83.22441949725307,42.72836648914504]}"
000000000000000000c8_0,Fortune 500 HQ,"300. Silver Spring, MD, USA",4.025765574761655E-5,"{""geodesic"":false,""type"":""Point"",""coordinates"":[-76.99909457830478,39.01832436573142]}"
000000000000000000c9_0,Fortune 500 HQ,"299. CenterPoint Energy Plaza, Louisiana Street, Houston, TX, USA",4.62703000555975E-5,"{""geodesic"":false,""type"":""Point"",""coordinates"":[-95.3606589857078,29.77466009214154]}"
000000000000000000ca_0,Fortune 500 HQ,"298. Pacific Life Insurance Co, Newport Center Drive, Newport Beach, CA, USA",3.4686921581428845E-5,"{""geodesic"":false,""type"":""Point"",""coordinates"":[-117.87244000574302,33.610466355331894]}"
000000000000000000cb_0,Fortune 500 HQ,297. DEVON ENERGY,2.9666195539872207E-5,"{""geodesic"":false,""type"":""Point"",""coordinates"":[-97.49864936191227,35.49692845198289]}"
000000000000000000cc_0,Fortune 500 HQ,296. AES,4.2878154768605895E-5,"{""geodesic"":false,""type"":""Point"",""coordinates"":[-77.12485871808151,38.89256022595468]}"
000000000000000000cd_0,Fortune 500 HQ,295. EBAY,4.5630690016335E-5,"{""geodesic"":false,""type"":""Point"",""coordinates"":[-121.89689247859847,37.32050847874552]}"
000000000000000000ce_0,Fortune 500 HQ,294. Molson Coors Brewing,4.5773607170125637E-5,"{""geodesic"":false,""type"":""Point"",""coordinates"":[-104.98161567862788,39.71002713450345]}"
000000000000000000cf_0,Fortune 500 HQ,293. Universal Health Services,3.8014206732591995E-5,"{""geodesic"":false,""type"":""Point"",""coordinates"":[-75.36416076120726,40.087319553833645]}"
000000000000000000d0_0,Fortune 500 HQ,292. Live Nation Entertainment,7.190146252973446E-5,"{""geodesic"":false,""type"":""Point"",""coordinates"":[-118.37549656484994,34.050640844550465]}"
000000000000000000d1_0,Fortune 500 HQ,291. NRG Energy,5.591013023542121E-5,"{""geodesic"":false,""type"":""Point"",""coordinates"":[-74.67245799243523,40.33884783338711]}"
000000000000000000d2_0,Fortune 500 HQ,"290. L3 Technologies, Third Avenue, New York, NY, USA",1.0035571628393234E-4,"{""geodesic"":false,""type"":""Point"",""coordinates"":[-73.9807552236632,40.77902232260568]}"
000000000000000000d3_0,Fortune 500 HQ,"289. Charles Schwab, Main Street, San Francisco, CA, USA",3.726038482694589E-5,"{""geodesic"":false,""type"":""Point"",""coordinates"":[-122.3999490377054,37.76068296796409]}"
000000000000000000d4_0,Fortune 500 HQ,288. Entergy,3.852542997745758E-5,"{""geodesic"":false,""type"":""Point"",""coordinates"":[-90.07856511508501,29.96330630180664]}"
000000000000000000d5_0,Fortune 500 HQ,287. Lam Research,3.9869039595674335E-5,"{""geodesic"":false,""type"":""Point"",""coordinates"":[-121.95977454848683,37.572036758298985]}"
000000000000000000d6_0,Fortune 500 HQ,286. Baxter International,5.166900175112131E-5,"{""geodesic"":false,""type"":""Point"",""coordinates"":[-87.81481059910382,42.16242786014974]}"
000000000000000000d7_0,Fortune 500 HQ,285. Office Depot,2.8531522302995913E-5,"{""geodesic"":false,""type"":""Point"",""coordinates"":[-80.14319807272311,26.37902831816975]}"
000000000000000000d8_0,Fortune 500 HQ,284. Crown Holdings,4.1540519113838414E-5,"{""geodesic"":false,""type"":""Point"",""coordinates"":[-74.86110420210032,40.275965763498746]}"
000000000000000000d9_0,Fortune 500 HQ,283. Quanta Service,4.62703000555975E-5,"{""geodesic"":false,""type"":""Point"",""coordinates"":[-95.3606589857078,29.77466009214154]}"
000000000000000000da_0,Fortune 500 HQ,282. W.W. Grainger,4.7751262162570804E-5,"{""geodesic"":false,""type"":""Point"",""coordinates"":[-87.81481059910382,42.288191999926475]}"
000000000000000000db_0,Fortune 500 HQ,281. AutoZone,4.498879346366405E-5,"{""geodesic"":false,""type"":""Point"",""coordinates"":[-90.07856511508501,35.11963603265269]}"
000000000000000000dc_0,Fortune 500 HQ,280. Expedia Group,5.832052186646674E-5,"{""geodesic"":false,""type"":""Point"",""coordinates"":[-122.2113028280403,47.63316794043763]}"
000000000000000000dd_0,Fortune 500 HQ,279. Corning,1.9272584529567776E-5,"{""geodesic"":false,""type"":""Point"",""coordinates"":[-77.06197664819315,42.16242786014974]}"
000000000000000000de_0,Fortune 500 HQ,278. Laboratory Corp. of America,2.2118535676440895E-5,"{""geodesic"":false,""type"":""Point"",""coordinates"":[-79.45149530395108,36.125749150866554]}"
000000000000000000df_0,Fortune 500 HQ,277. Norfolk Southern,3.69190671388701E-5,"{""geodesic"":false,""type"":""Point"",""coordinates"":[-76.30739180953275,36.88033398952695]}"
000000000000000000e0_0,Fortune 500 HQ,"276. Huntsman LLC, Woodloch Forest Drive, The Woodlands, TX, USA",2.7443928039643473E-5,"{""geodesic"":false,""type"":""Point"",""coordinates"":[-95.48642312548454,30.151952511471737]}"
000000000000000000e1_0,Fortune 500 HQ,"275. Reliance Steel & Aluminum Co, South Grand Avenue, Los Angeles, CA, USA",1.1903557135087366E-4,"{""geodesic"":false,""type"":""Point"",""coordinates"":[-118.2497324250732,34.050640844550465]}"
000000000000000000e2_0,Fortune 500 HQ,"274. Xcel Energy, Nicollet Mall, Minneapolis, MN, USA",4.766322957067659E-5,"{""geodesic"":false,""type"":""Point"",""coordinates"":[-93.2855506793917,44.992121005126236]}"
000000000000000000e3_0,Fortune 500 HQ,273. Unum Group,2.6629142836246793E-5,"{""geodesic"":false,""type"":""Point"",""coordinates"":[-85.29952780356916,35.056753962764326]}"
000000000000000000e4_0,Fortune 500 HQ,"272. Group 1 Automotive, Gessner Road, Houston, TX, USA",3.9201244378385264E-5,"{""geodesic"":false,""type"":""Point"",""coordinates"":[-95.54930519537291,29.77466009214154]}"
000000000000000000e5_0,Fortune 500 HQ,271. BALL,4.160648244832889E-5,"{""geodesic"":false,""type"":""Point"",""coordinates"":[-105.10737981840461,39.89867334416855]}"
000000000000000000e6_0,Fortune 500 HQ,270. Farmers Insurance Exchange,3.325703199931959E-5,"{""geodesic"":false,""type"":""Point"",""coordinates"":[-121.77112833882174,38.70391401628958]}"
000000000000000000e7_0,Fortune 500 HQ,269. Sempra Energy,3.416204372177963E-5,"{""geodesic"":false,""type"":""Point"",""coordinates"":[-117.18073723697098,32.73011737689477]}"
000000000000000000e8_0,Fortune 500 HQ,268. Nvidia,4.416408532822157E-5,"{""geodesic"":false,""type"":""Point"",""coordinates"":[-121.95977454848683,37.383390548633884]}"
000000000000000000e9_0,Fortune 500 HQ,267. Tenneco,4.7751262162570804E-5,"{""geodesic"":false,""type"":""Point"",""coordinates"":[-87.81481059910382,42.288191999926475]}"
000000000000000000ea_0,Fortune 500 HQ,"266. MGM Resorts International Career Center, Grier Drive, Las Vegas, NV, USA",4.7899856846536706E-5,"{""geodesic"":false,""type"":""Point"",""coordinates"":[-115.16851100054325,36.06286708097819]}"
000000000000000000eb_0,Fortune 500 HQ,265. Lithia Motors,2.448459111922232E-5,"{""geodesic"":false,""type"":""Point"",""coordinates"":[-122.90300559681233,42.35107406981484]}"
000000000000000000ec_0,Fortune 500 HQ,264. Steel Dynamics,3.985673886299814E-5,"{""geodesic"":false,""type"":""Point"",""coordinates"":[-85.11088159390407,41.09343267204751]}"
000000000000000000ed_0,Fortune 500 HQ,"263. FirstEnergy Corp., South Main Street, Akron, OH, USA",3.496787924516406E-5,"{""geodesic"":false,""type"":""Point"",""coordinates"":[-81.52660361026717,41.09343267204751]}"
000000000000000000ee_0,Fortune 500 HQ,262. LKQ,7.601491201048877E-5,"{""geodesic"":false,""type"":""Point"",""coordinates"":[-87.62616438943873,41.84801751070791]}"
000000000000000000ef_0,Fortune 500 HQ,261. J.C. Penney,3.684942580208026E-5,"{""geodesic"":false,""type"":""Point"",""coordinates"":[-96.6811824533635,33.0445277263366]}"
000000000000000000f0_0,Fortune 500 HQ,"260. CSX Corporation, Water Street, Jacksonville, FL, USA",4.881456158626854E-5,"{""geodesic"":false,""type"":""Point"",""coordinates"":[-81.65236775004391,30.34059872113684]}"
000000000000000000f1_0,Fortune 500 HQ,"259. Consolidated Edison Inc, East 16th Street, New York, NY, USA",1.1137873414493033E-4,"{""geodesic"":false,""type"":""Point"",""coordinates"":[-73.9807552236632,40.71614025271731]}"
000000000000000000f2_0,Fortune 500 HQ,"258. Bed Bath & Beyond, Broadway, New York, NY, USA",1.0035571628393234E-4,"{""geodesic"":false,""type"":""Point"",""coordinates"":[-73.9807552236632,40.77902232260568]}"
000000000000000000f3_0,Fortune 500 HQ,257. Murphy USA,1.649679917595742E-5,"{""geodesic"":false,""type"":""Point"",""coordinates"":[-92.65672998050805,33.2331739360017]}"
000000000000000000f4_0,Fortune 500 HQ,"256. ONEOK Field, North Elgin Avenue, Tulsa, OK, USA",3.92180980442378E-5,"{""geodesic"":false,""type"":""Point"",""coordinates"":[-95.98947968459147,36.18863122075492]}"
000000000000000000f5_0,Fortune 500 HQ,"255. Edison International, Walnut Grove Avenue, Rosemead, CA, USA",1.3405458911391522E-4,"{""geodesic"":false,""type"":""Point"",""coordinates"":[-118.06108621540811,34.050640844550465]}"
000000000000000000f6_0,Fortune 500 HQ,"254. Global Partners LP, South Street, Waltham, MA, USA",4.068740087849906E-5,"{""geodesic"":false,""type"":""Point"",""coordinates"":[-71.27682621846343,42.35107406981484]}"
000000000000000000f7_0,Fortune 500 HQ,"253. Discover Financial Services, Lake Cook Road, Riverwoods, IL, USA",5.460133270721705E-5,"{""geodesic"":false,""type"":""Point"",""coordinates"":[-87.8776926689922,42.16242786014974]}"
000000000000000000f8_0,Fortune 500 HQ,252.VF,2.6885606757914922E-5,"{""geodesic"":false,""type"":""Point"",""coordinates"":[-79.7659056533929,36.06286708097819]}"
000000000000000000f9_0,Fortune 500 HQ,"251. Reinsurance Group of America Inc., Swingley Ridge Road, Chesterfield, MO, USA",4.0821920028886816E-5,"{""geodesic"":false,""type"":""Point"",""coordinates"":[-90.58162167419195,38.64103194640121]}"
000000000000000000fa_0,Fortune 500 HQ,"250. Core-Mark Holding, South San Francisco, CA, USA",4.161738017532008E-5,"{""geodesic"":false,""type"":""Point"",""coordinates"":[-122.3999490377054,37.63491882818735]}"
000000000000000000fb_0,Fortune 500 HQ,"249. Ameriprise Financial -  Minneapolis, MN, USA",4.766322957067659E-5,"{""geodesic"":false,""type"":""Point"",""coordinates"":[-93.2855506793917,44.992121005126236]}"
000000000000000000fc_0,Fortune 500 HQ,"221. Viacom, Broadway, New York, NY, USA",1.0035571628393234E-4,"{""geodesic"":false,""type"":""Point"",""coordinates"":[-73.9807552236632,40.77902232260568]}"
000000000000000000fd_0,Fortune 500 HQ,"247. State Street Corporation, Boston, MA, USA",7.673807305835998E-5,"{""geodesic"":false,""type"":""Point"",""coordinates"":[-71.08818000879833,42.35107406981484]}"
000000000000000000fe_0,Fortune 500 HQ,"246. BB and T Corp Winston-Salem, NC, USA",2.97836224884941E-5,"{""geodesic"":false,""type"":""Point"",""coordinates"":[-80.26896221249984,36.125749150866554]}"
000000000000000000ff_0,Fortune 500 HQ,"245. BJ's Wholesale Club, Westborough, MA, USA",3.884486530140501E-5,"{""geodesic"":false,""type"":""Point"",""coordinates"":[-71.59123656790527,42.288191999926475]}"
00000000000000000100_0,Fortune 500 HQ,"244. Guardian Life Ins. Co. of America, New York, NY, USA",1.1137873414493033E-4,"{""geodesic"":false,""type"":""Point"",""coordinates"":[-73.9807552236632,40.71614025271731]}"
00000000000000000101_0,Fortune 500 HQ,"243. Newell Brands Hoboken, NJ, USA",1.1179366147879765E-4,"{""geodesic"":false,""type"":""Point"",""coordinates"":[-74.04363729355155,40.71614025271731]}"
00000000000000000102_0,Fortune 500 HQ,"242. Henry Schein Inc, Melville, NY, USA",5.9637985140385424E-5,"{""geodesic"":false,""type"":""Point"",""coordinates"":[-73.4148165946679,40.77902232260568]}"
00000000000000000103_0,Fortune 500 HQ,"241. L Brands OH, USA",2.8635219148188152E-5,"{""geodesic"":false,""type"":""Point"",""coordinates"":[-82.7842450080345,39.96155541405691]}"
00000000000000000104_0,Fortune 500 HQ,"240. Salesforce.com San Francisco, CA, USA",3.726038482694589E-5,"{""geodesic"":false,""type"":""Point"",""coordinates"":[-122.3999490377054,37.76068296796409]}"
00000000000000000105_0,Fortune 500 HQ,"239. ADP Roseland, Adp Boulevard, Roseland, NJ, USA",5.208580005598958E-5,"{""geodesic"":false,""type"":""Point"",""coordinates"":[-74.29516557310502,40.841904392494044]}"
00000000000000000106_0,Fortune 500 HQ,"238. Dominion Energy Richmond, VA, USA",2.7033178018008226E-5,"{""geodesic"":false,""type"":""Point"",""coordinates"":[-77.43926906752336,37.572036758298985]}"
00000000000000000107_0,Fortune 500 HQ,"237.  Anadarko,The Woodlands, Texas, USA",2.7443928039643473E-5,"{""geodesic"":false,""type"":""Point"",""coordinates"":[-95.48642312548454,30.151952511471737]}"
00000000000000000108_0,Fortune 500 HQ,"236. Alcoa Corporation, Pittsburgh, PA, USA",3.774325011085493E-5,"{""geodesic"":false,""type"":""Point"",""coordinates"":[-80.01743393294637,40.46461197316385]}"
00000000000000000109_0,Fortune 500 HQ,"235. Biogen, Cambridge, MA, USA",7.673807305835998E-5,"{""geodesic"":false,""type"":""Point"",""coordinates"":[-71.08818000879833,42.35107406981484]}"
0000000000000000010a_0,Fortune 500 HQ,"234. Kellogg, Battle Creek, MI, USA",2.9199466104059286E-5,"{""geodesic"":false,""type"":""Point"",""coordinates"":[-85.2366457336808,42.35107406981484]}"
0000000000000000010b_0,Fortune 500 HQ,"233. Stryker, Kalamazoo, MI, USA",3.0296714154986154E-5,"{""geodesic"":false,""type"":""Point"",""coordinates"":[-85.55105608312263,42.22530993003811]}"
0000000000000000010c_0,Fortune 500 HQ,"232. Dish Network Englewood, CO, USA",2.70097186385743E-5,"{""geodesic"":false,""type"":""Point"",""coordinates"":[-104.85585153885114,39.52138092483835]}"
0000000000000000010d_0,Fortune 500 HQ,"231. Estee Lauder New York, NY, USA",1.0035571628393234E-4,"{""geodesic"":false,""type"":""Point"",""coordinates"":[-73.9807552236632,40.77902232260568]}"
0000000000000000010e_0,Fortune 500 HQ,"230. Las Vegas Sands Corp Las Vegas, NV, USA",4.7899856846536706E-5,"{""geodesic"":false,""type"":""Point"",""coordinates"":[-115.16851100054325,36.06286708097819]}"
0000000000000000010f_0,Fortune 500 HQ,"229. Textron, Inc.,  Providence, RI, USA",4.2314302952772564E-5,"{""geodesic"":false,""type"":""Point"",""coordinates"":[-71.40259035824016,41.84801751070791]}"
00000000000000000110_0,Fortune 500 HQ,"228. Stanley black & decker, CT, USA",3.7908818383091414E-5,"{""geodesic"":false,""type"":""Point"",""coordinates"":[-72.78599589578423,41.65937130104281]}"
00000000000000000111_0,Fortune 500 HQ,"227. Arconic New York, NY, USA",1.1137873414493033E-4,"{""geodesic"":false,""type"":""Point"",""coordinates"":[-73.9807552236632,40.71614025271731]}"
00000000000000000112_0,Fortune 500 HQ,"226. Loews Regency New York, Park Avenue, New York, NY, USA",1.0035571628393234E-4,"{""geodesic"":false,""type"":""Point"",""coordinates"":[-73.9807552236632,40.77902232260568]}"
00000000000000000113_0,Fortune 500 HQ,"225. Qurate Retail Englewood, CO, USA",3.891091069580857E-5,"{""geodesic"":false,""type"":""Point"",""coordinates"":[-104.98161567862788,39.64714506461508]}"
00000000000000000114_0,Fortune 500 HQ,"224. Kinder Morgan,Houston, TX, USA",4.62703000555975E-5,"{""geodesic"":false,""type"":""Point"",""coordinates"":[-95.3606589857078,29.77466009214154]}"
00000000000000000115_0,Fortune 500 HQ,"223. Community Health Systems Franklin, TN, USA",3.1741013420855024E-5,"{""geodesic"":false,""type"":""Point"",""coordinates"":[-86.87157955077832,35.93710294120146]}"
00000000000000000116_0,Fortune 500 HQ,"222. United States Steel Pittsburgh, PA, USA",3.774325011085493E-5,"{""geodesic"":false,""type"":""Point"",""coordinates"":[-80.01743393294637,40.46461197316385]}"
00000000000000000117_0,Fortune 500 HQ,"221. BlackRock New York, NY, USA",1.0035571628393234E-4,"{""geodesic"":false,""type"":""Point"",""coordinates"":[-73.9807552236632,40.77902232260568]}"
00000000000000000118_0,Fortune 500 HQ,"220. DTE Energy, Detroit MI",2.878607837371648E-5,"{""geodesic"":false,""type"":""Point"",""coordinates"":[-84.1047684756902,42.35107406981484]}"
00000000000000000119_0,Fortune 500 HQ,"219. Principal Financial Group, High Street, Des Moines, IA, USA",3.123387062943597E-5,"{""geodesic"":false,""type"":""Point"",""coordinates"":[-93.59996102883355,41.59648923115444]}"
0000000000000000011a_0,Fortune 500 HQ,"218. Parker Hannifin Corp, Parkland Boulevard, Cleveland, OH, USA",3.080143883525255E-5,"{""geodesic"":false,""type"":""Point"",""coordinates"":[-81.4637215403788,41.533607161266076]}"
0000000000000000011b_0,Fortune 500 HQ,"217. CBS Corporation, New York, NY, USA",1.0035571628393234E-4,"{""geodesic"":false,""type"":""Point"",""coordinates"":[-73.9807552236632,40.77902232260568]}"
0000000000000000011c_0,Fortune 500 HQ,"216. Booking Holdings Norwalk, CT, USA",5.037657098739503E-5,"{""geodesic"":false,""type"":""Point"",""coordinates"":[-73.4148165946679,41.09343267204751]}"
0000000000000000011d_0,Fortune 500 HQ,"215 Ecolab, Saint Paul, MN, USA",4.2963647677743145E-5,"{""geodesic"":false,""type"":""Point"",""coordinates"":[-93.09690446972661,44.92923893523787]}"
0000000000000000011e_0,Fortune 500 HQ,"214 ITW  Glenview, IL, USA",7.306381829473509E-5,"{""geodesic"":false,""type"":""Point"",""coordinates"":[-87.81481059910382,42.03666372037301]}"
0000000000000000011f_0,Fortune 500 HQ,"213. Waste Management - Houston Houston, TX, USA",4.62703000555975E-5,"{""geodesic"":false,""type"":""Point"",""coordinates"":[-95.3606589857078,29.77466009214154]}"
00000000000000000120_0,Fortune 500 HQ,"212. Land O Lakes, Lexington Avenue North, Arden Hills, MN, USA",4.337666305730247E-5,"{""geodesic"":false,""type"":""Point"",""coordinates"":[-93.15978653961497,45.055003075014604]}"
00000000000000000121_0,Fortune 500 HQ,"210. Mastercard, Purchase, NY, USA",5.025197200834316E-5,"{""geodesic"":false,""type"":""Point"",""coordinates"":[-73.72922694410973,41.030550602159146]}"
00000000000000000122_0,Fortune 500 HQ,"210. Marsh Mclennan: Geiger Richard, 6th Avenue, New York, NY, USA",1.0035571628393234E-4,"{""geodesic"":false,""type"":""Point"",""coordinates"":[-73.9807552236632,40.77902232260568]}"
00000000000000000123_0,Fortune 500 HQ,"209 Ross Dress for Less, Dublin Boulevard, Dublin, CA, USA",4.060547471304532E-5,"{""geodesic"":false,""type"":""Point"",""coordinates"":[-121.95977454848683,37.69780089807572]}"
00000000000000000124_0,Fortune 500 HQ,"208. Jacobs Engineering Group Dallas, TX, USA",5.0348112262864E-5,"{""geodesic"":false,""type"":""Point"",""coordinates"":[-96.80694659314024,32.792999446783135]}"
00000000000000000125_0,Fortune 500 HQ,"207. Celgene Corporation, Morris Avenue, Summit, NJ, USA",1.0154244851809674E-4,"{""geodesic"":false,""type"":""Point"",""coordinates"":[-74.3580476429934,40.71614025271731]}"
00000000000000000126_0,Fortune 500 HQ,"206. Omnicom Group Inc, Madison Avenue, New York, NY, USA",1.0035571628393234E-4,"{""geodesic"":false,""type"":""Point"",""coordinates"":[-73.9807552236632,40.77902232260568]}"
00000000000000000127_0,Fortune 500 HQ,"205. PPG Industries Inc, Pittsburgh, PA, USA",3.774325011085493E-5,"{""geodesic"":false,""type"":""Point"",""coordinates"":[-80.01743393294637,40.46461197316385]}"
00000000000000000128_0,Fortune 500 HQ,"204. PayPal, San Jose, CA, USA",4.473694978143443E-5,"{""geodesic"":false,""type"":""Point"",""coordinates"":[-121.89689247859847,37.383390548633884]}"
00000000000000000129_0,Fortune 500 HQ,"203. Goodyear Auto Service, Akron, OH, USA",2.866065970090029E-5,"{""geodesic"":false,""type"":""Point"",""coordinates"":[-81.4637215403788,40.96766853227078]}"
0000000000000000012a_0,Fortune 500 HQ,"202. Colgate-Palmolive Company, Park Avenue, New York, NY, USA",1.0035571628393234E-4,"{""geodesic"":false,""type"":""Point"",""coordinates"":[-73.9807552236632,40.77902232260568]}"
0000000000000000012b_0,Fortune 500 HQ,"201. Supervalu  Eden Prairie, MN, USA",3.9237216021935526E-5,"{""geodesic"":false,""type"":""Point"",""coordinates"":[-93.47419688905681,44.8663568653495]}"
0000000000000000012c_0,Fortune 500 HQ,"200. General Mills  Minneapolis, MN, USA",4.019424893659003E-5,"{""geodesic"":false,""type"":""Point"",""coordinates"":[-93.41131481916844,44.992121005126236]}"
0000000000000000012d_0,Fortune 500 HQ,"199. Texas Instruments, Dallas, TX, USA",5.0348112262864E-5,"{""geodesic"":false,""type"":""Point"",""coordinates"":[-96.80694659314024,32.792999446783135]}"
0000000000000000012e_0,Fortune 500 HQ,"198. Aramark HQ, Philadelphia, PA, USA",4.650911397845651E-5,"{""geodesic"":false,""type"":""Point"",""coordinates"":[-75.17551455154215,39.96155541405691]}"
0000000000000000012f_0,Fortune 500 HQ,"197. Netflix Los Gatos, CA, USA",4.1145363119944297E-5,"{""geodesic"":false,""type"":""Point"",""coordinates"":[-121.95977454848683,37.257626408857156]}"
00000000000000000130_0,Fortune 500 HQ,"196. Nordstrom Downtown Seattle, Pine Street, Seattle, WA, USA",5.915514217561968E-5,"{""geodesic"":false,""type"":""Point"",""coordinates"":[-122.33706696781704,47.63316794043763]}"
00000000000000000131_0,Fortune 500 HQ,"195. Becton Dickinson  Franklin Lakes, NJ, USA",4.25338285621792E-5,"{""geodesic"":false,""type"":""Point"",""coordinates"":[-74.23228350321666,41.030550602159146]}"
00000000000000000132_0,Fortune 500 HQ,"194. Rockingham Estates by D.R. Horton America's Builder, Longbow Lane, Arlington, TX, USA",3.259631881827809E-5,"{""geodesic"":false,""type"":""Point"",""coordinates"":[-97.0584748726937,32.60435323711803]}"
00000000000000000133_0,Fortune 500 HQ,"193. Cognizant, Frank W Burr Boulevard, Teaneck, NJ, USA",7.751602084099756E-5,"{""geodesic"":false,""type"":""Point"",""coordinates"":[-73.9807552236632,40.841904392494044]}"
00000000000000000134_0,Fortune 500 HQ,"192. American Electric Power Co, Riverside Plaza, Columbus, OH, USA",4.01442121953455E-5,"{""geodesic"":false,""type"":""Point"",""coordinates"":[-83.03577328758797,39.96155541405691]}"
00000000000000000135_0,Fortune 500 HQ,"191. CDW, Tri State International, Lincolnshire, IL, USA",5.150207038987182E-5,"{""geodesic"":false,""type"":""Point"",""coordinates"":[-87.8776926689922,42.22530993003811]}"
00000000000000000136_0,Fortune 500 HQ,"190. WestRock  Atlanta, GA, USA",3.272935313527618E-5,"{""geodesic"":false,""type"":""Point"",""coordinates"":[-84.35629675524366,33.92487670477373]}"
00000000000000000137_0,Fortune 500 HQ,"189. Jones Lang La Salle, West Monroe Street, Chicago, IL, USA",6.90932632450495E-5,"{""geodesic"":false,""type"":""Point"",""coordinates"":[-87.62616438943873,41.91089958059627]}"
00000000000000000138_0,Fortune 500 HQ,"188. Davita, Denver, Colorado, USA",5.6791397915338495E-5,"{""geodesic"":false,""type"":""Point"",""coordinates"":[-104.98161567862788,39.772909204391816]}"
00000000000000000139_0,Fortune 500 HQ,"187. Lincoln Financial Group, Radnor, PA, USA",3.2163658678085426E-5,"{""geodesic"":false,""type"":""Point"",""coordinates"":[-75.36416076120726,40.02443748394528]}"
0000000000000000013a_0,Fortune 500 HQ,"186. Gap San Francisco, CA, USA",3.726038482694589E-5,"{""geodesic"":false,""type"":""Point"",""coordinates"":[-122.3999490377054,37.76068296796409]}"
0000000000000000013b_0,Fortune 500 HQ,"185. C.H. Robinson, Charlson Road, Eden Prairie, MN, USA",3.901211799360548E-5,"{""geodesic"":false,""type"":""Point"",""coordinates"":[-93.47419688905681,44.803474795461135]}"
0000000000000000013c_0,Fortune 500 HQ,"184. NextEra Energy Resources, Universe Boulevard, Juno Beach, FL, USA",2.6766898755693323E-5,"{""geodesic"":false,""type"":""Point"",""coordinates"":[-80.08031600283475,26.882084877276682]}"
0000000000000000013d_0,Fortune 500 HQ,"183. PG&E San Francisco, CA, USA",3.726038482694589E-5,"{""geodesic"":false,""type"":""Point"",""coordinates"":[-122.3999490377054,37.76068296796409]}"
0000000000000000013e_0,Fortune 500 HQ,"182. Applied Materials Inc,  Santa Clara, CA, USA",4.416408532822157E-5,"{""geodesic"":false,""type"":""Point"",""coordinates"":[-121.95977454848683,37.383390548633884]}"
0000000000000000013f_0,Fortune 500 HQ,"181. EOG Resources Inc,, TX, USA",4.62703000555975E-5,"{""geodesic"":false,""type"":""Point"",""coordinates"":[-95.3606589857078,29.77466009214154]}"
00000000000000000140_0,Fortune 500 HQ,"180. XPO Logistics, Connecticut, USA",4.230536153930699E-5,"{""geodesic"":false,""type"":""Point"",""coordinates"":[-73.16328831511443,41.15631474193588]}"
00000000000000000141_0,Fortune 500 HQ,"178. NGL Energy Partners LP, South Yale Avenue, Tulsa, OK, USA",3.879398306573459E-5,"{""geodesic"":false,""type"":""Point"",""coordinates"":[-95.9265976147031,36.06286708097819]}"
00000000000000000142_0,Fortune 500 HQ,"178. Emerson Electric Co., West Florissant Avenue, St. Louis, MO, USA",4.754851781566914E-5,"{""geodesic"":false,""type"":""Point"",""coordinates"":[-90.26721132475012,38.70391401628958]}"
00000000000000000143_0,Fortune 500 HQ,"177. Sherwin-Williams - Corporate Office, West Prospect Avenue, Cleveland, OH, USA",3.670949596524029E-5,"{""geodesic"":false,""type"":""Point"",""coordinates"":[-81.71524981993227,41.47072509137771]}"
00000000000000000144_0,Fortune 500 HQ,"176. Performans Food Group Richmond, VA, USA",2.7033178018008226E-5,"{""geodesic"":false,""type"":""Point"",""coordinates"":[-77.43926906752336,37.572036758298985]}"
00000000000000000145_0,Fortune 500 HQ,"175. HollyFrontier Corporation, North Harwood Street, Dallas, TX, USA",5.0348112262864E-5,"{""geodesic"":false,""type"":""Point"",""coordinates"":[-96.80694659314024,32.792999446783135]}"
00000000000000000146_0,Fortune 500 HQ,"174. CarMax, Richmond Road, Charlottesville, VA, USA",2.188116109298869E-5,"{""geodesic"":false,""type"":""Point"",""coordinates"":[-78.44538218573722,38.01221124751755]}"
00000000000000000147_0,Fortune 500 HQ,"173. Synchrony Financial, Long Ridge Road, Stamford, CT, USA",4.8254163988698796E-5,"{""geodesic"":false,""type"":""Point"",""coordinates"":[-73.54058073444463,41.09343267204751]}"
00000000000000000148_0,Fortune 500 HQ,"172. Tenet Healthcare Corporation, Ross Avenue, Dallas, TX, USA",5.0348112262864E-5,"{""geodesic"":false,""type"":""Point"",""coordinates"":[-96.80694659314024,32.792999446783135]}"
00000000000000000149_0,Fortune 500 HQ,"171 Kimberly-Clark Corporation, Phelps Drive, Irving, TX, USA",5.349335236583694E-5,"{""geodesic"":false,""type"":""Point"",""coordinates"":[-96.93271073291696,32.855881516671495]}"
0000000000000000014a_0,Fortune 500 HQ,"170. Freeport-McMoRan Inc., North Central Avenue, Phoenix, AZ, USA",5.928028163179122E-5,"{""geodesic"":false,""type"":""Point"",""coordinates"":[-112.08728957601329,33.4218201456668]}"
0000000000000000014b_0,Fortune 500 HQ,169. Genuine Parts,3.820390786572428E-5,"{""geodesic"":false,""type"":""Point"",""coordinates"":[-84.41917882513204,33.73623049510863]}"
0000000000000000014c_0,Fortune 500 HQ,168. Molina Healthcare,7.09411832998466E-5,"{""geodesic"":false,""type"":""Point"",""coordinates"":[-118.18685035518484,33.799112564996996]}"
0000000000000000014d_0,Fortune 500 HQ,167. Occidental Petroleum,4.62703000555975E-5,"{""geodesic"":false,""type"":""Point"",""coordinates"":[-95.3606589857078,29.77466009214154]}"
0000000000000000014e_0,Fortune 500 HQ,166. Icahn Enterprises,1.1137873414493033E-4,"{""geodesic"":false,""type"":""Point"",""coordinates"":[-73.9807552236632,40.71614025271731]}"
0000000000000000014f_0,Fortune 500 HQ,"165. Avnet, Inc., South 47th Street, Phoenix, AZ, USA",7.113250446883442E-5,"{""geodesic"":false,""type"":""Point"",""coordinates"":[-111.96152543623656,33.4218201456668]}"
00000000000000000150_0,Fortune 500 HQ,"164. Fluor, Irving, Texas, USA",5.319909137212932E-5,"{""geodesic"":false,""type"":""Point"",""coordinates"":[-96.93271073291696,32.792999446783135]}"
00000000000000000151_0,Fortune 500 HQ,"163. Bank of New York Mellon, Greenwich Street, New York, NY, USA",1.1137873414493033E-4,"{""geodesic"":false,""type"":""Point"",""coordinates"":[-73.9807552236632,40.71614025271731]}"
00000000000000000152_0,Fortune 500 HQ,"162. Altria Group Inc., West Broad Street, Richmond, VA, USA",2.8629957201202252E-5,"{""geodesic"":false,""type"":""Point"",""coordinates"":[-77.50215113741172,37.572036758298985]}"
00000000000000000153_0,Fortune 500 HQ,"161. Hartford Financial Services: Delacruz Cedric, Hartford Plaza, Hartford, CT, USA",5.076030752173835E-5,"{""geodesic"":false,""type"":""Point"",""coordinates"":[-72.66023175600749,41.785135440819545]}"
00000000000000000154_0,Fortune 500 HQ,"160. Danaher Corporation, Pennsylvania Avenue Northwest, Washington, DC, USA",4.987559050937402E-5,"{""geodesic"":false,""type"":""Point"",""coordinates"":[-77.06197664819315,38.89256022595468]}"
00000000000000000155_0,Fortune 500 HQ,159. PNC Financial Services,3.774325011085493E-5,"{""geodesic"":false,""type"":""Point"",""coordinates"":[-80.01743393294637,40.46461197316385]}"
00000000000000000156_0,Fortune 500 HQ,158. SYNNEX,3.9869039595674335E-5,"{""geodesic"":false,""type"":""Point"",""coordinates"":[-121.95977454848683,37.572036758298985]}"
00000000000000000157_0,Fortune 500 HQ,157. AECOM,1.1903557135087366E-4,"{""geodesic"":false,""type"":""Point"",""coordinates"":[-118.2497324250732,34.050640844550465]}"
00000000000000000158_0,Fortune 500 HQ,156. Kohl’s,4.251005984225691E-5,"{""geodesic"":false,""type"":""Point"",""coordinates"":[-88.12922094854565,43.1685409783636]}"
00000000000000000159_0,Fortune 500 HQ,155. WellCare Health Plans,3.509078283441612E-5,"{""geodesic"":false,""type"":""Point"",""coordinates"":[-82.46983465859267,27.95108006537891]}"
0000000000000000015a_0,Fortune 500 HQ,154. Lennar,4.1248501277005455E-5,"{""geodesic"":false,""type"":""Point"",""coordinates"":[-80.20608014261147,25.750207619286083]}"
0000000000000000015b_0,Fortune 500 HQ,153. VISA,3.726038482694589E-5,"{""geodesic"":false,""type"":""Point"",""coordinates"":[-122.3999490377054,37.76068296796409]}"
0000000000000000015c_0,Fortune 500 HQ,152. Western Digital,4.5630690016335E-5,"{""geodesic"":false,""type"":""Point"",""coordinates"":[-121.89689247859847,37.32050847874552]}"
0000000000000000015d_0,Fortune 500 HQ,151. Marriott International,3.955910821460863E-5,"{""geodesic"":false,""type"":""Point"",""coordinates"":[-77.12485871808151,38.95544229584305]}"
0000000000000000015e_0,Fortune 500 HQ,150. Broadcom,4.5630690016335E-5,"{""geodesic"":false,""type"":""Point"",""coordinates"":[-121.89689247859847,37.32050847874552]}"
0000000000000000015f_0,Fortune 500 HQ,149. McDonald’s,7.601491201048877E-5,"{""geodesic"":false,""type"":""Point"",""coordinates"":[-87.62616438943873,41.84801751070791]}"
00000000000000000160_0,Fortune 500 HQ,148. Whirlpool,3.5488480367835844E-5,"{""geodesic"":false,""type"":""Point"",""coordinates"":[-86.43140506155976,42.099545790261374]}"
00000000000000000161_0,Fortune 500 HQ,147. LEAR,4.384021480948856E-5,"{""geodesic"":false,""type"":""Point"",""coordinates"":[-83.22441949725307,42.47683820959158]}"
00000000000000000162_0,Fortune 500 HQ,"146. CBRE Global Headquarters, South Hope Street, Los Angeles, CA, USA",1.1903557135087366E-4,"{""geodesic"":false,""type"":""Point"",""coordinates"":[-118.2497324250732,34.050640844550465]}"
00000000000000000163_0,Fortune 500 HQ,145. AutoNation,3.564753926898537E-5,"{""geodesic"":false,""type"":""Point"",""coordinates"":[-80.14319807272311,26.127500038616283]}"
00000000000000000164_0,Fortune 500 HQ,"144. Tesla HQ, Deer Creek Road, Palo Alto, CA, USA",3.4894916379457114E-5,"{""geodesic"":false,""type"":""Point"",""coordinates"":[-122.14842075815193,37.383390548633884]}"
00000000000000000165_0,Fortune 500 HQ,143. AFLAC,2.5649184492994945E-5,"{""geodesic"":false,""type"":""Point"",""coordinates"":[-84.98511745412733,32.4785890973413]}"
00000000000000000166_0,Fortune 500 HQ,142. Southwest Airlines,5.0348112262864E-5,"{""geodesic"":false,""type"":""Point"",""coordinates"":[-96.80694659314024,32.792999446783135]}"
00000000000000000167_0,Fortune 500 HQ,141. ManpowerGroup,4.322945639449935E-5,"{""geodesic"":false,""type"":""Point"",""coordinates"":[-87.8776926689922,43.042776838586875]}"
00000000000000000168_0,Fortune 500 HQ,140. JABIL,2.494748014187592E-5,"{""geodesic"":false,""type"":""Point"",""coordinates"":[-82.65848086825777,27.762433855713812]}"
00000000000000000169_0,Fortune 500 HQ,"139. Gilead Sciences, Inc., Lakeside Drive, Foster City, CA, USA",3.9108585779668945E-5,"{""geodesic"":false,""type"":""Point"",""coordinates"":[-122.27418489792866,37.572036758298985]}"
0000000000000000016a_0,Fortune 500 HQ,138. Bristol-Myers Squibb,1.1137873414493033E-4,"{""geodesic"":false,""type"":""Point"",""coordinates"":[-73.9807552236632,40.71614025271731]}"
0000000000000000016b_0,Fortune 500 HQ,"137. Qualcomm, Technology Drive, San Jose, CA, USA",4.473694978143443E-5,"{""geodesic"":false,""type"":""Point"",""coordinates"":[-121.89689247859847,37.383390548633884]}"
0000000000000000016c_0,Fortune 500 HQ,"136. Penske Automotive Group, Inc., South Telegraph Road, Bloomfield Township, MI, USA",3.5851790419471824E-5,"{""geodesic"":false,""type"":""Point"",""coordinates"":[-83.28730156714144,42.602602349368304]}"
0000000000000000016d_0,Fortune 500 HQ,135. DOLLAR TREE,2.8598597488854934E-5,"{""geodesic"":false,""type"":""Point"",""coordinates"":[-76.30739180953275,36.75456984975022]}"
0000000000000000016e_0,Fortune 500 HQ,134. UNION PACIFIC,5.6017896557348994E-5,"{""geodesic"":false,""type"":""Point"",""coordinates"":[-95.9265976147031,41.28207888171261]}"
0000000000000000016f_0,Fortune 500 HQ,"133. International Paper, Poplar Avenue, Memphis, TN, USA",2.803803955668336E-5,"{""geodesic"":false,""type"":""Point"",""coordinates"":[-89.82703683553154,35.11963603265269]}"
00000000000000000170_0,Fortune 500 HQ,132. CENTURYLINK,1.939668062846537E-5,"{""geodesic"":false,""type"":""Point"",""coordinates"":[-92.09079135151275,32.4785890973413]}"
00000000000000000171_0,Fortune 500 HQ,131. SOUTHERN,3.820390786572428E-5,"{""geodesic"":false,""type"":""Point"",""coordinates"":[-84.41917882513204,33.73623049510863]}"
00000000000000000172_0,Fortune 500 HQ,130. PACCAR,5.832052186646674E-5,"{""geodesic"":false,""type"":""Point"",""coordinates"":[-122.2113028280403,47.63316794043763]}"
00000000000000000173_0,Fortune 500 HQ,129. AMGEN,2.790103500054643E-5,"{""geodesic"":false,""type"":""Point"",""coordinates"":[-118.8156710540685,34.17640498432719]}"
00000000000000000174_0,Fortune 500 HQ,128. Cummins,4.919916464778855E-5,"{""geodesic"":false,""type"":""Point"",""coordinates"":[-86.17987678200629,39.772909204391816]}"
00000000000000000175_0,Fortune 500 HQ,"127. Halliburton, North Sam Houston Parkway East, Houston, TX, USA",5.206843216562373E-5,"{""geodesic"":false,""type"":""Point"",""coordinates"":[-95.3606589857078,29.96330630180664]}"
00000000000000000176_0,Fortune 500 HQ,"126. Duke Energy, South Tryon Street, Charlotte, NC, USA",4.557654940388463E-5,"{""geodesic"":false,""type"":""Point"",""coordinates"":[-80.83490084149514,35.24540017242943]}"
00000000000000000177_0,Fortune 500 HQ,125. US Foods Holdings,8.417066270536193E-5,"{""geodesic"":false,""type"":""Point"",""coordinates"":[-87.8776926689922,41.97378165048464]}"
00000000000000000178_0,Fortune 500 HQ,"124. Thermo Fisher Scientific, 3rd Avenue, Waltham, MA, USA",5.5132253566997674E-5,"{""geodesic"":false,""type"":""Point"",""coordinates"":[-71.27682621846343,42.41395613970321]}"
00000000000000000179_0,Fortune 500 HQ,"123. Eli Lilly and Company Corporate Center, Delaware Street, Indianapolis, IN, USA",4.919916464778855E-5,"{""geodesic"":false,""type"":""Point"",""coordinates"":[-86.17987678200629,39.772909204391816]}"
0000000000000000017a_0,Fortune 500 HQ,"122. DXC Technology, Tysons Boulevard, Tysons, VA, USA",3.825812524956197E-5,"{""geodesic"":false,""type"":""Point"",""coordinates"":[-77.25062285785825,38.89256022595468]}"
0000000000000000017b_0,Fortune 500 HQ,"121. Starbucks, Pike Place, Seattle, WA, USA",5.915514217561968E-5,"{""geodesic"":false,""type"":""Point"",""coordinates"":[-122.33706696781704,47.63316794043763]}"
0000000000000000017c_0,Fortune 500 HQ,120. NUCOR,4.557654940388463E-5,"{""geodesic"":false,""type"":""Point"",""coordinates"":[-80.83490084149514,35.24540017242943]}"
0000000000000000017d_0,Fortune 500 HQ,"119. Dollar General Corporate Headquarters, Mission Ridge, Goodlettsville, TN, USA",3.3039171507628906E-5,"{""geodesic"":false,""type"":""Point"",""coordinates"":[-86.68293334111323,36.314395360531655]}"
0000000000000000017e_0,Fortune 500 HQ,118. MACY'S,4.4671309054528835E-5,"{""geodesic"":false,""type"":""Point"",""coordinates"":[-84.4820608950204,39.081206435619784]}"
0000000000000000017f_0,Fortune 500 HQ,117. U.S. BANCORP,4.766322957067659E-5,"{""geodesic"":false,""type"":""Point"",""coordinates"":[-93.2855506793917,44.992121005126236]}"
00000000000000000180_0,Fortune 500 HQ,116. Mondelez International,5.166900175112131E-5,"{""geodesic"":false,""type"":""Point"",""coordinates"":[-87.81481059910382,42.16242786014974]}"
00000000000000000181_0,Fortune 500 HQ,"115. Kraft Heinz Innovation Center, Ericsson Drive, Warrendale, PA, USA",3.162887341482782E-5,"{""geodesic"":false,""type"":""Point"",""coordinates"":[-80.08031600283475,40.65325818282894]}"
00000000000000000182_0,Fortune 500 HQ,"114. Raytheon Company, Apple Hill Drive, Tewksbury, MA, USA",3.658651372221763E-5,"{""geodesic"":false,""type"":""Point"",""coordinates"":[-71.21394414857507,42.66548441925667]}"
00000000000000000183_0,Fortune 500 HQ,"113. PBF Energy, Sylvan Way, Parsippany, NJ, USA",3.89164273438516E-5,"{""geodesic"":false,""type"":""Point"",""coordinates"":[-74.48381178277012,40.841904392494044]}"
00000000000000000184_0,Fortune 500 HQ,"112. INTL FCStone, 5th Avenue, New York, NY, USA",1.0035571628393234E-4,"{""geodesic"":false,""type"":""Point"",""coordinates"":[-73.9807552236632,40.77902232260568]}"
00000000000000000185_0,Fortune 500 HQ,"111. Northwestern Mutual, East Mason Street, Milwaukee, WI, USA",4.322945639449935E-5,"{""geodesic"":false,""type"":""Point"",""coordinates"":[-87.8776926689922,43.042776838586875]}"
00000000000000000186_0,Fortune 500 HQ,"110. Philip Morris International Inc, Park Avenue, New York, NY, USA",1.0035571628393234E-4,"{""geodesic"":false,""type"":""Point"",""coordinates"":[-73.9807552236632,40.77902232260568]}"
00000000000000000187_0,Fortune 500 HQ,"109. Arrow Electronics, East Dry Creek Road, Centennial, CO, USA",2.9379583494468344E-5,"{""geodesic"":false,""type"":""Point"",""coordinates"":[-104.85585153885114,39.584262994726714]}"
00000000000000000188_0,Fortune 500 HQ,"108. Northrop Grumman, Fairview Park Drive, Falls Church, VA, USA",4.258994319781494E-5,"{""geodesic"":false,""type"":""Point"",""coordinates"":[-77.18774078796989,38.89256022595468]}"
00000000000000000189_0,Fortune 500 HQ,"107. Rite Aid, Market Street, Camp Hill, PA, USA",3.3413309277090835E-5,"{""geodesic"":false,""type"":""Point"",""coordinates"":[-76.93621250841642,40.21308369361038]}"
0000000000000000018a_0,Fortune 500 HQ,"106. TRAVELERS  New York, USA",5.9637985140385424E-5,"{""geodesic"":false,""type"":""Point"",""coordinates"":[-73.4148165946679,40.77902232260568]}"
0000000000000000018b_0,Fortune 500 HQ,105. Micron Technology,2.121693072548858E-5,"{""geodesic"":false,""type"":""Point"",""coordinates"":[-116.17462411875712,43.60871546758217]}"
0000000000000000018c_0,Fortune 500 HQ,104. Twenty-First Century Fox,1.1137873414493033E-4,"{""geodesic"":false,""type"":""Point"",""coordinates"":[-73.9807552236632,40.71614025271731]}"
0000000000000000018d_0,Fortune 500 HQ,103. Abbott Laboratories,4.80710552844879E-5,"{""geodesic"":false,""type"":""Point"",""coordinates"":[-87.8776926689922,42.288191999926475]}"
0000000000000000018e_0,Fortune 500 HQ,102. Hewlett Packard Enterprise,3.7045142487867996E-5,"{""geodesic"":false,""type"":""Point"",""coordinates"":[-122.14842075815193,37.44627261852225]}"
0000000000000000018f_0,Fortune 500 HQ,101. USAA,3.3146318935266405E-5,"{""geodesic"":false,""type"":""Point"",""coordinates"":[-98.50476248012613,29.397367672811342]}"
00000000000000000190_0,Fortune 500 HQ,100. Coca-Cola,3.820390786572428E-5,"{""geodesic"":false,""type"":""Point"",""coordinates"":[-84.41917882513204,33.73623049510863]}"
00000000000000000191_0,Fortune 500 HQ,99. Progressive,3.080143883525255E-5,"{""geodesic"":false,""type"":""Point"",""coordinates"":[-81.4637215403788,41.533607161266076]}"
00000000000000000192_0,Fortune 500 HQ,98. Capital One Financial,4.0154185224026575E-5,"{""geodesic"":false,""type"":""Point"",""coordinates"":[-77.18774078796989,38.95544229584305]}"
00000000000000000193_0,Fortune 500 HQ,97. CHS,4.0424976089398515E-5,"{""geodesic"":false,""type"":""Point"",""coordinates"":[-93.03402239983825,44.8663568653495]}"
00000000000000000194_0,Fortune 500 HQ,96. ABBVIE,4.601718877670502E-5,"{""geodesic"":false,""type"":""Point"",""coordinates"":[-87.81481059910382,42.35107406981484]}"
00000000000000000195_0,Fortune 500 HQ,95. 3M,4.2963647677743145E-5,"{""geodesic"":false,""type"":""Point"",""coordinates"":[-93.09690446972661,44.92923893523787]}"
00000000000000000196_0,Fortune 500 HQ,94. Plains GP holdings,4.62703000555975E-5,"{""geodesic"":false,""type"":""Point"",""coordinates"":[-95.3606589857078,29.77466009214154]}"
00000000000000000197_0,Fortune 500 HQ,93. Exelon,7.601491201048877E-5,"{""geodesic"":false,""type"":""Point"",""coordinates"":[-87.62616438943873,41.84801751070791]}"
00000000000000000198_0,Fortune 500 HQ,92. General Dynamics,4.258994319781494E-5,"{""geodesic"":false,""type"":""Point"",""coordinates"":[-77.18774078796989,38.89256022595468]}"
00000000000000000199_0,Fortune 500 HQ,91. Publix Super Markets,3.5056949685457605E-5,"{""geodesic"":false,""type"":""Point"",""coordinates"":[-81.96677809948574,28.013962135267278]}"
0000000000000000019a_0,Fortune 500 HQ,90. NIKE,3.50169637734502E-5,"{""geodesic"":false,""type"":""Point"",""coordinates"":[-122.7772414570356,45.49517756423317]}"
0000000000000000019b_0,Fortune 500 HQ,89. Enterprise Products Partners,4.62703000555975E-5,"{""geodesic"":false,""type"":""Point"",""coordinates"":[-95.3606589857078,29.77466009214154]}"
0000000000000000019c_0,Fortune 500 HQ,88. Tech Data,2.436336666896159E-5,"{""geodesic"":false,""type"":""Point"",""coordinates"":[-82.7842450080345,27.95108006537891]}"
0000000000000000019d_0,Fortune 500 HQ,87. DEERE,3.757150867437342E-5,"{""geodesic"":false,""type"":""Point"",""coordinates"":[-90.51873960430358,41.533607161266076]}"
0000000000000000019e_0,Fortune 500 HQ,86. ConocoPhillips,4.62703000555975E-5,"{""geodesic"":false,""type"":""Point"",""coordinates"":[-95.3606589857078,29.77466009214154]}"
0000000000000000019f_0,Fortune 500 HQ,85. TJX,5.1638507695764175E-5,"{""geodesic"":false,""type"":""Point"",""coordinates"":[-71.40259035824016,42.288191999926475]}"
000000000000000001a0_0,Fortune 500 HQ,84. Massachusetts Mutual Life Insurance,3.783333941697765E-5,"{""geodesic"":false,""type"":""Point"",""coordinates"":[-72.59734968611913,42.099545790261374]}"
000000000000000001a1_0,Fortune 500 HQ,83. World Fuel Services,4.1248501277005455E-5,"{""geodesic"":false,""type"":""Point"",""coordinates"":[-80.20608014261147,25.750207619286083]}"
000000000000000001a2_0,Fortune 500 HQ,82. ALLSTATE,5.898166618091944E-5,"{""geodesic"":false,""type"":""Point"",""coordinates"":[-87.81481059910382,42.099545790261374]}"
000000000000000001a3_0,Fortune 500 HQ,81. Oracle,3.69650343927987E-5,"{""geodesic"":false,""type"":""Point"",""coordinates"":[-122.2113028280403,37.50915468841062]}"
000000000000000001a4_0,Fortune 500 HQ,80. Tyson Foods,2.2272597260752275E-5,"{""geodesic"":false,""type"":""Point"",""coordinates"":[-94.10301758794047,36.18863122075492]}"
000000000000000001a5_0,Fortune 500 HQ,78. TIAA,1.1137873414493033E-4,"{""geodesic"":false,""type"":""Point"",""coordinates"":[-73.9807552236632,40.71614025271731]}"
000000000000000001a6_0,Fortune 500 HQ,78. United Continental Holdings,7.601491201048877E-5,"{""geodesic"":false,""type"":""Point"",""coordinates"":[-87.62616438943873,41.84801751070791]}"
000000000000000001a7_0,Fortune 500 HQ,77. Honeywell International,3.89164273438516E-5,"{""geodesic"":false,""type"":""Point"",""coordinates"":[-74.48381178277012,40.841904392494044]}"
000000000000000001a8_0,Fortune 500 HQ,"76. Merck Kenilworth, NJ, USA",1.0333320928485882E-4,"{""geodesic"":false,""type"":""Point"",""coordinates"":[-74.29516557310502,40.65325818282894]}"
000000000000000001a9_0,Fortune 500 HQ,Liberty Mutual Insurance Group,7.673807305835998E-5,"{""geodesic"":false,""type"":""Point"",""coordinates"":[-71.08818000879833,42.35107406981484]}"
000000000000000001aa_0,Fortune 500 HQ,74. Best Buy,4.3773370930034446E-5,"{""geodesic"":false,""type"":""Point"",""coordinates"":[-93.2855506793917,44.8663568653495]}"
000000000000000001ab_0,Fortune 500 HQ,73. Nationwide,3.5626061255252316E-5,"{""geodesic"":false,""type"":""Point"",""coordinates"":[-82.9728912176996,39.96155541405691]}"
000000000000000001ac_0,Fortune 500 HQ,72. American Express,1.1137873414493033E-4,"{""geodesic"":false,""type"":""Point"",""coordinates"":[-73.9807552236632,40.71614025271731]}"
000000000000000001ad_0,Fortune 500 HQ,71. New York Life Insurance,1.1137873414493033E-4,"{""geodesic"":false,""type"":""Point"",""coordinates"":[-73.9807552236632,40.71614025271731]}"
000000000000000001ae_0,Fortune 500 HQ,70. Charter Communications,5.045111752950983E-5,"{""geodesic"":false,""type"":""Point"",""coordinates"":[-73.54058073444463,41.030550602159146]}"
000000000000000001af_0,Fortune 500 HQ,69. Delta Air Lines,3.820390786572428E-5,"{""geodesic"":false,""type"":""Point"",""coordinates"":[-84.41917882513204,33.73623049510863]}"
000000000000000001b0_0,Fortune 500 HQ,68. American Airlines Group,3.989411648459077E-5,"{""geodesic"":false,""type"":""Point"",""coordinates"":[-97.31000315224716,32.73011737689477]}"
000000000000000001b1_0,Fortune 500 HQ,67. HCA Healthcare,3.9721055016417835E-5,"{""geodesic"":false,""type"":""Point"",""coordinates"":[-86.80869748088996,36.18863122075492]}"
000000000000000001b2_0,Fortune 500 HQ,66. AIG,1.1137873414493033E-4,"{""geodesic"":false,""type"":""Point"",""coordinates"":[-73.9807552236632,40.71614025271731]}"
000000000000000001b3_0,Fortune 500 HQ,65. Cigna,3.332327819415275E-5,"{""geodesic"":false,""type"":""Point"",""coordinates"":[-72.72311382589587,41.84801751070791]}"
000000000000000001b4_0,Fortune 500 HQ,64. CISCO Systems,4.5630690016335E-5,"{""geodesic"":false,""type"":""Point"",""coordinates"":[-121.89689247859847,37.32050847874552]}"
000000000000000001b5_0,Fortune 500 HQ,63. Morgan Stanley,1.0035571628393234E-4,"{""geodesic"":false,""type"":""Point"",""coordinates"":[-73.9807552236632,40.77902232260568]}"
000000000000000001b6_0,Fortune 500 HQ,62. Goldman Sachs Group,1.1137873414493033E-4,"{""geodesic"":false,""type"":""Point"",""coordinates"":[-73.9807552236632,40.71614025271731]}"
000000000000000001b7_0,Fortune 500 HQ,61. Pfizer,1.1137873414493033E-4,"{""geodesic"":false,""type"":""Point"",""coordinates"":[-73.9807552236632,40.71614025271731]}"
000000000000000001b8_0,Fortune 500 HQ,60. Lockheed Martin,3.955910821460863E-5,"{""geodesic"":false,""type"":""Point"",""coordinates"":[-77.12485871808151,38.95544229584305]}"
000000000000000001b9_0,Fortune 500 HQ,59. Energy Transfer,5.0348112262864E-5,"{""geodesic"":false,""type"":""Point"",""coordinates"":[-96.80694659314024,32.792999446783135]}"
000000000000000001ba_0,Fortune 500 HQ,58. Caterpillar,5.166900175112131E-5,"{""geodesic"":false,""type"":""Point"",""coordinates"":[-87.81481059910382,42.16242786014974]}"
000000000000000001bb_0,Fortune 500 HQ,57. Facebook,3.2800659400907986E-5,"{""geodesic"":false,""type"":""Point"",""coordinates"":[-122.2113028280403,37.44627261852225]}"
000000000000000001bc_0,Fortune 500 HQ,56. Humana,4.496994406105207E-5,"{""geodesic"":false,""type"":""Point"",""coordinates"":[-85.73970229278773,38.26373952707102]}"
000000000000000001bd_0,Fortune 500 HQ,55. HP,3.7045142487867996E-5,"{""geodesic"":false,""type"":""Point"",""coordinates"":[-122.14842075815193,37.44627261852225]}"
000000000000000001be_0,Fortune 500 HQ,54. SYSCO,4.62703000555975E-5,"{""geodesic"":false,""type"":""Point"",""coordinates"":[-95.3606589857078,29.77466009214154]}"
000000000000000001bf_0,Fortune 500 HQ,52. Albertsons,2.121693072548858E-5,"{""geodesic"":false,""type"":""Point"",""coordinates"":[-116.17462411875712,43.60871546758217]}"
000000000000000001c0_0,Fortune 500 HQ,51. Centene,5.4413799194717365E-5,"{""geodesic"":false,""type"":""Point"",""coordinates"":[-90.20432925486175,38.64103194640121]}"
000000000000000001c1_0,Fortune 500 HQ,50. Prudential Financial,1.253653967105048E-4,"{""geodesic"":false,""type"":""Point"",""coordinates"":[-74.16940143332829,40.71614025271731]}"
000000000000000001c2_0,Fortune 500 HQ,48. Archer Daniels Midland,7.601491201048877E-5,"{""geodesic"":false,""type"":""Point"",""coordinates"":[-87.62616438943873,41.84801751070791]}"
000000000000000001c3_0,Fortune 500 HQ,48. Pepsico,1.1137873414493033E-4,"{""geodesic"":false,""type"":""Point"",""coordinates"":[-73.9807552236632,40.71614025271731]}"
000000000000000001c4_0,Fortune 500 HQ,47. Fedex,4.498879346366405E-5,"{""geodesic"":false,""type"":""Point"",""coordinates"":[-90.07856511508501,35.11963603265269]}"
000000000000000001c5_0,Fortune 500 HQ,46. United Technologies,3.538995449350773E-5,"{""geodesic"":false,""type"":""Point"",""coordinates"":[-72.78599589578423,41.72225337093118]}"
000000000000000001c6_0,Fortune 500 HQ,45. Procter and Gamble,4.4671309054528835E-5,"{""geodesic"":false,""type"":""Point"",""coordinates"":[-84.4820608950204,39.081206435619784]}"
000000000000000001c7_0,Fortune 500 HQ,44. MetLife,1.1137873414493033E-4,"{""geodesic"":false,""type"":""Point"",""coordinates"":[-73.9807552236632,40.71614025271731]}"
000000000000000001c8_0,Fortune 500 HQ,43. INTEL,4.416408532822157E-5,"{""geodesic"":false,""type"":""Point"",""coordinates"":[-121.95977454848683,37.383390548633884]}"
000000000000000001c9_0,Fortune 500 HQ,41. Lowes,4.050189782267826E-5,"{""geodesic"":false,""type"":""Point"",""coordinates"":[-80.83490084149514,35.559810521871256]}"
000000000000000001ca_0,Fortune 500 HQ,41. United Parcel Service,3.820390786572428E-5,"{""geodesic"":false,""type"":""Point"",""coordinates"":[-84.41917882513204,33.73623049510863]}"
000000000000000001cb_0,Fortune 500 HQ,40. Freddie Mac,4.0154185224026575E-5,"{""geodesic"":false,""type"":""Point"",""coordinates"":[-77.18774078796989,38.95544229584305]}"
000000000000000001cc_0,Fortune 500 HQ,39. Target,4.766322957067659E-5,"{""geodesic"":false,""type"":""Point"",""coordinates"":[-93.2855506793917,44.992121005126236]}"
000000000000000001cd_0,Fortune 500 HQ,38. IBM,4.3054764320777464E-5,"{""geodesic"":false,""type"":""Point"",""coordinates"":[-73.72922694410973,41.09343267204751]}"
000000000000000001ce_0,Fortune 500 HQ,37. Johnson And Johnson,9.955978610234118E-5,"{""geodesic"":false,""type"":""Point"",""coordinates"":[-74.42092971288176,40.527494043052215]}"
000000000000000001cf_0,Fortune 500 HQ,36. State Farm Insurance,3.453913808686066E-5,"{""geodesic"":false,""type"":""Point"",""coordinates"":[-88.94668785709442,40.46461197316385]}"
000000000000000001d0_0,Fortune 500 HQ,35. DuPont De Nemours,4.634085701209006E-5,"{""geodesic"":false,""type"":""Point"",""coordinates"":[-75.55280697087235,39.772909204391816]}"
000000000000000001d1_0,Fortune 500 HQ,34. Dell Technologies,2.949895987748289E-5,"{""geodesic"":false,""type"":""Point"",""coordinates"":[-97.68729557157737,30.46636286091357]}"
000000000000000001d2_0,Fortune 500 HQ,33. Anthem,4.919916464778855E-5,"{""geodesic"":false,""type"":""Point"",""coordinates"":[-86.17987678200629,39.772909204391816]}"
000000000000000001d3_0,Fortune 500 HQ,32. Comcast,4.650911397845651E-5,"{""geodesic"":false,""type"":""Point"",""coordinates"":[-75.17551455154215,39.96155541405691]}"
000000000000000001d4_0,Fortune 500 HQ,31. Marathon Petrolium,3.154373575388357E-5,"{""geodesic"":false,""type"":""Point"",""coordinates"":[-83.66459398647163,41.030550602159146]}"
000000000000000001d5_0,Fortune 500 HQ,30. Citigroup,1.1137873414493033E-4,"{""geodesic"":false,""type"":""Point"",""coordinates"":[-73.9807552236632,40.71614025271731]}"
000000000000000001d6_0,Fortune 500 HQ,29. Wells Fargo,3.726038482694589E-5,"{""geodesic"":false,""type"":""Point"",""coordinates"":[-122.3999490377054,37.76068296796409]}"
000000000000000001d7_0,Fortune 500 HQ,28. Boeing,7.601491201048877E-5,"{""geodesic"":false,""type"":""Point"",""coordinates"":[-87.62616438943873,41.84801751070791]}"
000000000000000001d8_0,Fortune 500 HQ,27. Home Depot,3.820390786572428E-5,"{""geodesic"":false,""type"":""Point"",""coordinates"":[-84.41917882513204,33.73623049510863]}"
000000000000000001d9_0,Fortune 500 HQ,26. Microsoft,4.840742305243481E-5,"{""geodesic"":false,""type"":""Point"",""coordinates"":[-122.14842075815193,47.69605001032599]}"
000000000000000001da_0,Fortune 500 HQ,25. Bank of America,4.557654940388463E-5,"{""geodesic"":false,""type"":""Point"",""coordinates"":[-80.83490084149514,35.24540017242943]}"
000000000000000001db_0,Fortune 500 HQ,24. Valero Technology,3.3146318935266405E-5,"{""geodesic"":false,""type"":""Point"",""coordinates"":[-98.50476248012613,29.397367672811342]}"
000000000000000001dc_0,Fortune 500 HQ,23. Phillips,4.62703000555975E-5,"{""geodesic"":false,""type"":""Point"",""coordinates"":[-95.3606589857078,29.77466009214154]}"
000000000000000001dd_0,Fortune 500 HQ,22. Fannie Mae,4.987559050937402E-5,"{""geodesic"":false,""type"":""Point"",""coordinates"":[-77.06197664819315,38.89256022595468]}"
000000000000000001de_0,Fortune 500 HQ,21. General Electric,7.673807305835998E-5,"{""geodesic"":false,""type"":""Point"",""coordinates"":[-71.08818000879833,42.35107406981484]}"
000000000000000001df_0,Fortune 500 HQ,20. Kroger,4.4671309054528835E-5,"{""geodesic"":false,""type"":""Point"",""coordinates"":[-84.4820608950204,39.081206435619784]}"
000000000000000001e0_0,Fortune 500 HQ,19. Verizon Communication,1.1137873414493033E-4,"{""geodesic"":false,""type"":""Point"",""coordinates"":[-73.9807552236632,40.71614025271731]}"
000000000000000001e1_0,Fortune 500 HQ,18. JP Morgan,1.1137873414493033E-4,"{""geodesic"":false,""type"":""Point"",""coordinates"":[-73.9807552236632,40.71614025271731]}"
000000000000000001e2_0,Fortune 500 HQ,17. Walgreens Boots Alliance,5.166900175112131E-5,"{""geodesic"":false,""type"":""Point"",""coordinates"":[-87.81481059910382,42.16242786014974]}"
000000000000000001e3_0,Fortune 500 HQ,Cardinal Health,3.330270187797298E-5,"{""geodesic"":false,""type"":""Point"",""coordinates"":[-83.09865535747633,40.087319553833645]}"
000000000000000001e4_0,Fortune 500 HQ,15. Alphabet,3.753432061332663E-5,"{""geodesic"":false,""type"":""Point"",""coordinates"":[-122.08553868826357,37.383390548633884]}"
000000000000000001e5_0,Fortune 500 HQ,14. Costco Wholesale,4.6535009013712724E-5,"{""geodesic"":false,""type"":""Point"",""coordinates"":[-122.0226566183752,47.507403800660896]}"
000000000000000001e6_0,Fortune 500 HQ,13. General Motors,4.6757924824856683E-5,"{""geodesic"":false,""type"":""Point"",""coordinates"":[-83.03577328758797,42.35107406981484]}"
000000000000000001e7_0,Fortune 500 HQ,2. Exxon Mobil,5.319909137212932E-5,"{""geodesic"":false,""type"":""Point"",""coordinates"":[-96.93271073291696,32.792999446783135]}"
000000000000000001e8_0,Fortune 500 HQ,7. McKesson,5.319909137212932E-5,"{""geodesic"":false,""type"":""Point"",""coordinates"":[-96.93271073291696,32.792999446783135]}"
000000000000000001e9_0,Fortune 500 HQ,13. Ford Motor,5.572753257592516E-5,"{""geodesic"":false,""type"":""Point"",""coordinates"":[-83.1615374273647,42.35107406981484]}"
000000000000000001ea_0,Fortune 500 HQ,11. Chevron,4.003940691165702E-5,"{""geodesic"":false,""type"":""Point"",""coordinates"":[-121.95977454848683,37.76068296796409]}"
000000000000000001eb_0,Fortune 500 HQ,"10. Amerisource Bergen Drug Corporation Chesterbrook, PA, USA",3.2861406678652176E-5,"{""geodesic"":false,""type"":""Point"",""coordinates"":[-75.489924900984,40.087319553833645]}"
000000000000000001ec_0,Fortune 500 HQ,9. AT&T,4.451856069335591E-5,"{""geodesic"":false,""type"":""Point"",""coordinates"":[-96.74406452325186,32.855881516671495]}"
000000000000000001ed_0,Fortune 500 HQ,8. CVS Health,3.6172731607239124E-5,"{""geodesic"":false,""type"":""Point"",""coordinates"":[-71.46547242812854,41.97378165048464]}"
000000000000000001ee_0,Fortune 500 HQ,6. UnitedHealth Group,3.7796018553808414E-5,"{""geodesic"":false,""type"":""Point"",""coordinates"":[-93.47419688905681,44.92923893523787]}"
000000000000000001ef_0,Fortune 500 HQ,5. Amazon,5.915514217561968E-5,"{""geodesic"":false,""type"":""Point"",""coordinates"":[-122.33706696781704,47.63316794043763]}"
000000000000000001f0_0,Fortune 500 HQ,3. Berkshire Hathaway INC.,5.6017896557348994E-5,"{""geodesic"":false,""type"":""Point"",""coordinates"":[-95.9265976147031,41.28207888171261]}"
000000000000000001f1_0,Fortune 500 HQ,3. Apple,3.985390454264525E-5,"{""geodesic"":false,""type"":""Point"",""coordinates"":[-122.0226566183752,37.32050847874552]}"
000000000000000001f2_0,Fortune 500 HQ,1. Walmart,2.553710416745125E-5,"{""geodesic"":false,""type"":""Point"",""coordinates"":[-94.2287817277172,36.37727743042002]}"
