page,url,href,.keepall,museum_url,source_page
1,https://whichmuseum.com/place/united-states-2682,/museum/fort-stevens-state-park-warrenton-13187,TRUE,https://whichmuseum.com/museum/fort-stevens-state-park-warrenton-13187,https://whichmuseum.com/place/united-states-2682
1,https://whichmuseum.com/place/united-states-2682,/museum/fruitlands-museum-the-trustees-of-reservations-harvard-13845,TRUE,https://whichmuseum.com/museum/fruitlands-museum-the-trustees-of-reservations-harvard-13845,https://whichmuseum.com/place/united-states-2682
1,https://whichmuseum.com/place/united-states-2682,/museum/national-september-11-memorial-museum-new-york-9273,TRUE,https://whichmuseum.com/museum/national-september-11-memorial-museum-new-york-9273,https://whichmuseum.com/place/united-states-2682
1,https://whichmuseum.com/place/united-states-2682,/museum/empire-state-building-new-york-21191,TRUE,https://whichmuseum.com/museum/empire-state-building-new-york-21191,https://whichmuseum.com/place/united-states-2682
1,https://whichmuseum.com/place/united-states-2682,/museum/national-museum-of-american-history-washington-d-c-9202,TRUE,https://whichmuseum.com/museum/national-museum-of-american-history-washington-d-c-9202,https://whichmuseum.com/place/united-states-2682
1,https://whichmuseum.com/place/united-states-2682,/museum/san-diego-zoo-safari-park-21187,TRUE,https://whichmuseum.com/museum/san-diego-zoo-safari-park-21187,https://whichmuseum.com/place/united-states-2682
1,https://whichmuseum.com/place/united-states-2682,/museum/ellis-island-national-museum-of-immigration-jersey-city-11544,TRUE,https://whichmuseum.com/museum/ellis-island-national-museum-of-immigration-jersey-city-11544,https://whichmuseum.com/place/united-states-2682
1,https://whichmuseum.com/place/united-states-2682,/museum/the-dali-museum-saint-petersburg-48477,TRUE,https://whichmuseum.com/museum/the-dali-museum-saint-petersburg-48477,https://whichmuseum.com/place/united-states-2682
1,https://whichmuseum.com/place/united-states-2682,/museum/milwaukee-county-zoo-9546,TRUE,https://whichmuseum.com/museum/milwaukee-county-zoo-9546,https://whichmuseum.com/place/united-states-2682
1,https://whichmuseum.com/place/united-states-2682,/museum/national-museum-of-african-american-history-and-culture-washington-d-c-9209,TRUE,https://whichmuseum.com/museum/national-museum-of-african-american-history-and-culture-washington-d-c-9209,https://whichmuseum.com/place/united-states-2682
1,https://whichmuseum.com/place/united-states-2682,/museum/american-museum-of-natural-history-new-york-9274,TRUE,https://whichmuseum.com/museum/american-museum-of-natural-history-new-york-9274,https://whichmuseum.com/place/united-states-2682
1,https://whichmuseum.com/place/united-states-2682,/museum/the-metropolitan-museum-of-art-new-york-9275,TRUE,https://whichmuseum.com/museum/the-metropolitan-museum-of-art-new-york-9275,https://whichmuseum.com/place/united-states-2682
1,https://whichmuseum.com/place/united-states-2682,/museum/newport-art-museum-8144,TRUE,https://whichmuseum.com/museum/newport-art-museum-8144,https://whichmuseum.com/place/united-states-2682
1,https://whichmuseum.com/place/united-states-2682,/museum/lemoyne-center-for-the-visual-arts-tallahassee-8180,TRUE,https://whichmuseum.com/museum/lemoyne-center-for-the-visual-arts-tallahassee-8180,https://whichmuseum.com/place/united-states-2682
1,https://whichmuseum.com/place/united-states-2682,/museum/portland-puppet-museum-8284,TRUE,https://whichmuseum.com/museum/portland-puppet-museum-8284,https://whichmuseum.com/place/united-states-2682
1,https://whichmuseum.com/place/united-states-2682,/museum/san-jose-museum-of-quilts-8333,TRUE,https://whichmuseum.com/museum/san-jose-museum-of-quilts-8333,https://whichmuseum.com/place/united-states-2682
1,https://whichmuseum.com/place/united-states-2682,/museum/international-gymnastics-hall-of-fame-oklahoma-city-8354,TRUE,https://whichmuseum.com/museum/international-gymnastics-hall-of-fame-oklahoma-city-8354,https://whichmuseum.com/place/united-states-2682
1,https://whichmuseum.com/place/united-states-2682,/museum/key-west-tropical-forest-and-botanical-garden-8368,TRUE,https://whichmuseum.com/museum/key-west-tropical-forest-and-botanical-garden-8368,https://whichmuseum.com/place/united-states-2682
1,https://whichmuseum.com/place/united-states-2682,/museum/san-carlos-institute-key-west-8376,TRUE,https://whichmuseum.com/museum/san-carlos-institute-key-west-8376,https://whichmuseum.com/place/united-states-2682
1,https://whichmuseum.com/place/united-states-2682,/museum/cattle-raisers-museum-fort-worth-8740,TRUE,https://whichmuseum.com/museum/cattle-raisers-museum-fort-worth-8740,https://whichmuseum.com/place/united-states-2682
1,https://whichmuseum.com/place/united-states-2682,/museum/bayou-bend-collection-and-gardens-museum-of-fine-arts-houston-8842,TRUE,https://whichmuseum.com/museum/bayou-bend-collection-and-gardens-museum-of-fine-arts-houston-8842,https://whichmuseum.com/place/united-states-2682
1,https://whichmuseum.com/place/united-states-2682,/museum/edith-l-moore-nature-sanctuary-houston-8877,TRUE,https://whichmuseum.com/museum/edith-l-moore-nature-sanctuary-houston-8877,https://whichmuseum.com/place/united-states-2682
1,https://whichmuseum.com/place/united-states-2682,/museum/coast-guard-museum-northwest-seattle-8906,TRUE,https://whichmuseum.com/museum/coast-guard-museum-northwest-seattle-8906,https://whichmuseum.com/place/united-states-2682
1,https://whichmuseum.com/place/united-states-2682,/museum/benjamin-franklin-museum-philadelphia-8939,TRUE,https://whichmuseum.com/museum/benjamin-franklin-museum-philadelphia-8939,https://whichmuseum.com/place/united-states-2682
1,https://whichmuseum.com/place/united-states-2682,/museum/wells-fargo-history-museum-san-francisco-9043,TRUE,https://whichmuseum.com/museum/wells-fargo-history-museum-san-francisco-9043,https://whichmuseum.com/place/united-states-2682
1,https://whichmuseum.com/place/united-states-2682,/museum/fraunces-tavern-museum-new-york-9282,TRUE,https://whichmuseum.com/museum/fraunces-tavern-museum-new-york-9282,https://whichmuseum.com/place/united-states-2682
1,https://whichmuseum.com/place/united-states-2682,/museum/bronx-museum-of-the-arts-new-york-9336,TRUE,https://whichmuseum.com/museum/bronx-museum-of-the-arts-new-york-9336,https://whichmuseum.com/place/united-states-2682
1,https://whichmuseum.com/place/united-states-2682,/museum/poster-house-new-york-9364,TRUE,https://whichmuseum.com/museum/poster-house-new-york-9364,https://whichmuseum.com/place/united-states-2682
1,https://whichmuseum.com/place/united-states-2682,/museum/la-plaza-de-culturas-y-artes-los-angeles-9473,TRUE,https://whichmuseum.com/museum/la-plaza-de-culturas-y-artes-los-angeles-9473,https://whichmuseum.com/place/united-states-2682
1,https://whichmuseum.com/place/united-states-2682,/museum/science-spectrum-omni-theater-lubbock-9678,TRUE,https://whichmuseum.com/museum/science-spectrum-omni-theater-lubbock-9678,https://whichmuseum.com/place/united-states-2682
1,https://whichmuseum.com/place/united-states-2682,/museum/tulsa-historical-society-museum-9707,TRUE,https://whichmuseum.com/museum/tulsa-historical-society-museum-9707,https://whichmuseum.com/place/united-states-2682
1,https://whichmuseum.com/place/united-states-2682,/museum/catty-shack-ranch-wildlife-sanctuary-jacksonville-9853,TRUE,https://whichmuseum.com/museum/catty-shack-ranch-wildlife-sanctuary-jacksonville-9853,https://whichmuseum.com/place/united-states-2682
1,https://whichmuseum.com/place/united-states-2682,/museum/nevada-historical-society-reno-10049,TRUE,https://whichmuseum.com/museum/nevada-historical-society-reno-10049,https://whichmuseum.com/place/united-states-2682
1,https://whichmuseum.com/place/united-states-2682,/museum/conde-charlotte-museum-mobile-10141,TRUE,https://whichmuseum.com/museum/conde-charlotte-museum-mobile-10141,https://whichmuseum.com/place/united-states-2682
1,https://whichmuseum.com/place/united-states-2682,/museum/amarillo-museum-of-art-10178,TRUE,https://whichmuseum.com/museum/amarillo-museum-of-art-10178,https://whichmuseum.com/place/united-states-2682
1,https://whichmuseum.com/place/united-states-2682,/museum/martin-museum-of-art-waco-10249,TRUE,https://whichmuseum.com/museum/martin-museum-of-art-waco-10249,https://whichmuseum.com/place/united-states-2682
